group,stable_id,word,english_meaning,emoji,concrete_thing
emoji,word.chul,Chul,"to wither, fade",🥀,yes
emoji,word.ditip,ditip,a bag or quiver carried for tools/supplies,👜,yes
emoji,word.hawng-2,hawng,to open,🔓,yes
emoji,word.hniak,Hniak,the sole or heel of the foot,🦶,yes
emoji,word.inkalhtlat,inkalh tlat,tightly bolted/locked shut (a door),🔒,yes
emoji,word.kang,kâng,to catch fire / burn up,🔥,yes
emoji,word.khawfingchahlai,khawfing chah lai,"at the crack of dawn, before daylight",🌄,yes
emoji,word.paiper,Paipêr,a large woven basket used to store seed rice,🧺,yes
emoji,word.phaipheng,phaipheng,a stone monument/memorial slab set up in honor of the dead,🪦,yes
emoji,word.rualbanlo,rualbanlo,a person with a physical disability,♿,yes
emoji,word.thawmmawl,Thawmmâwl,a small pouch tied at the waist to carry small items,👝,yes
emoji,word.tohlawt,tohlâwt,a large flat stone slab,🪨,yes
needs_picture,word.aieng,aieng,a plant/fruit traditionally used to treat blurred vision and cataracts,,yes
needs_picture,word.anhling,Anhling,a small purple fruit growing in clusters (mangosteen-type),,yes
needs_picture,word.arbawm,arbawm,chicken coop,,yes
needs_picture,word.arbawm-2,Arbâwm,"a woven bamboo cage or coop (e.g., for chickens)",,yes
needs_picture,word.bangkalhkim,Bang kalh kim,"a bamboo hat woven with an even, well-matched pattern",,yes
needs_picture,word.banglai,Banglai,a plain-brimmed traditional woven hat,,yes
needs_picture,word.bathlar,bathlar,a spacious open veranda/courtyard,,yes
needs_picture,word.behlawi,behlawi,a plant whose sap is traditionally used as eye drops,,yes
needs_picture,word.bengbung,bengbung,bamboo clapper percussion,,yes
needs_picture,word.berul,Berul,a gourd used as a water container,,yes
needs_picture,word.buhchium,buhchiûm,cocoon,,yes
needs_picture,word.buhkuang,buhkuang,hollow bamboo tube instrument,,yes
needs_picture,word.bul,bul,"base, origin, stump",,yes
needs_picture,word.bulbawk,Bulbawk,radish,,yes
needs_picture,word.chawmnu,chawmnu,a cave-dwelling predatory bird,,yes
needs_picture,word.chhawnghnawh,chhâwng hnawh,a traditional egg-tapping game played during Pawl Kut,,yes
needs_picture,word.chirhdum,chirhdûm,"a deep pit, abyss",,yes
needs_picture,word.faikhiat,faikhiat,winnowing tray used to sift rice,,yes
needs_picture,word.halai,ha lai,an ancient/traditional simple wrap or loincloth-style garment,,yes
needs_picture,word.hmaram,hmarâm,facial or body tattoo/decoration,,yes
needs_picture,word.hnahthial,hnahthial,a medicinal leaf plant,,yes
needs_picture,word.hnahtum,hnahtum,leaf whistle,,yes
needs_picture,word.hnubih,hnu bih,the traditional style of tucking cloth at the back of the body,,yes
needs_picture,word.iptechei,iptechei,a traditional Mizo cloth/wrap (specific type),,yes
needs_picture,word.iskut,Iskut,chayote (chow-chow squash),,yes
needs_picture,word.kakpui,kâkpui,neck (esp. of an animal),,yes
needs_picture,word.kawltheizik,kawlthei zik,a plant traditionally used as a cough remedy,,yes
needs_picture,word.kawrtawnghak,kawrtawnghâk,a traditional style of wrapping cloth around the waist worn by men,,yes
needs_picture,word.khanchhuk,khanchhuk,attic / loft storage,,yes
needs_picture,word.khapna,khapna,brake,,yes
needs_picture,word.khawimu,khawimû,a noisy flying insect (wasp-like),,yes
needs_picture,word.khel,khêl,the manner/style of wrapping traditional cloth around the body,,yes
needs_picture,word.khiang,khiang,a kind of bamboo/cane tree,,yes
needs_picture,word.khuanghlang,khuang hlâng,a ceremonial carrying platform for the khuangchawi lead drummer,,yes
needs_picture,word.khuanhmasa,khuan hmasa,the first ceremonial post/bamboo set when building a house,,yes
needs_picture,word.lamthluk,Lamthlûk,a hanging bamboo rack placed near the fireplace for storage,,yes
needs_picture,word.liang,liang,a defensive wooden barricade around a house,,yes
needs_picture,word.luikuang,lui kuang,riverbank,,yes
needs_picture,word.mautawtawrawt,mau tawtawrawt,a bamboo wind/percussion instrument,,yes
needs_picture,word.phek,phêk,bamboo strip,,yes
needs_picture,word.phuihnam,phuihnam,a plant traditionally used as a blood tonic,,yes
needs_picture,word.phulraw,phûlraw,a type of gourd used as a container,,yes
needs_picture,word.pil,pil,bark (of a tree),,yes
needs_picture,word.pitar,pitar,a small creature associated with khuavang folklore,,yes
needs_picture,word.rapchung,rapchung,a deep pit dug for parching/roasting paddy,,yes
needs_picture,word.rawchhem,rawchhem,Mizo reed wind instrument (bagpipe-like),,yes
needs_picture,word.sanghar,sanghar,porcupine,,yes
needs_picture,word.sapthei,sâpthei,guava,,yes
needs_picture,word.sarzuk,sarzuk,a plant traditionally used to stop diarrhea,,yes
needs_picture,word.sawhthing,sawhthing,a plant traditionally used to deworm livestock,,yes
needs_picture,word.sawntlung,sawntlung,anthill / termite mound,,yes
needs_picture,word.sehranlu,Se hrân lu,a mithun skull displayed as part of a memorial or grave-marking custom,,yes
needs_picture,word.sekhupthur,sekhupthur,a plant traditionally used to treat toothache,,yes
needs_picture,word.sentezel,sentezêl,a tree whose bark was traditionally used to dye cloth,,yes
needs_picture,word.siahthing,siahthing,a type of large tree,,yes
needs_picture,word.sih,sih,bamboo fish trap,,yes
needs_picture,word.siksil,siksil,carrying loop/strap made of cane or vine,,yes
needs_picture,word.silai,Silai,gun/rifle,,yes
needs_picture,word.sumbul,sumbul,a plant traditionally used as a cough remedy,,yes
needs_picture,word.sunhlu,Sunhlu,Indian gooseberry (amla),,yes
needs_picture,word.sut-2,sût,the ridge support beam in a traditional Mizo house,,yes
needs_picture,word.talhkuang,talhkuang,a bamboo percussion instrument,,yes
needs_picture,word.tawitaw,tawitaw,a plant traditionally used to numb toothache before extraction,,yes
needs_picture,word.tawktarh,tawktarh,old muzzle-loading gun,,yes
needs_picture,word.tengte,Tengte,elephant-apple (a sour fruit used in cooking),,yes
needs_picture,word.thahrui,thahrui,sinew / tendon (physical strength),,yes
needs_picture,word.theiherawt,theiherâwt,rose apple (a local fruit),,yes
needs_picture,word.theiherawt-2,theiherawt,a plant traditionally used for chest pain and blurred vision,,yes
needs_picture,word.thinbih,thin bih,the traditional style of tucking cloth at the front of the body,,yes
needs_picture,word.thingfanghmai,Thingfanghmai,papaya,,yes
needs_picture,word.thingsaphu,thingsaphu,a tree whose bark was traditionally used to dye cloth,,yes
needs_picture,word.thlangra,Thlangrâ,a flat woven bamboo winnowing tray,,yes
needs_picture,word.thlanthla,thlanthla,a metal hairpin ornament,,yes
needs_picture,word.thul,thûl,large wicker rain-hat,,yes
needs_picture,word.tiang,tiang,a rod / staff,,yes
needs_picture,word.tlangban,Tlangbân,a cord or strap for slinging a bundle over the shoulder,,yes
needs_picture,word.tlangsam,tlangsam,a plant traditionally used to stop bleeding from wounds,,yes
needs_picture,word.tuihawkluankawr,tuihawkluankawr,drainage/sewage channel,,yes
needs_picture,word.tuikeplung,tuikeplung,the source/spring of a stream,,yes
needs_picture,word.tuitang,tuitang,irrigation channel; water course,,yes
needs_picture,word.tuiumdar,tuiumdâr,a traditional single-string musical instrument,,yes
needs_picture,word.tungchaw,Tungchaw,a decorative pin or peg on a traditional headdress,,yes
needs_picture,word.vahchap,vahchap,bird-scaring noise device for fields,,yes
needs_picture,word.vaihrik,Vaihrik,a bamboo sifting tool (alternate name for chhihri),,yes
needs_picture,word.vakiria,vakiria,a traditional hairpin/ornament,,yes
needs_picture,word.vaukam,vau kam,riverside embankment,,yes
needs_picture,word.zangkhua,zângkhua,the Great Bear constellation,,yes
needs_picture,word.zawlpuan,Zawlpuan,a traditional handwoven Mizo shawl/textile,,yes
needs_picture,word.zodipuan,zodipuan,a traditional Mizo ceremonial cloth (specific named type),,yes
needs_picture,word.zufang,Zufâng,a container used for serving or storing zu (traditional rice beer),,yes
no_meaning_yet,word.alu,Alu,,🥔,yes
no_meaning_yet,word.arsi,Arsi,,⭐,yes
no_meaning_yet,word.bai,Bai,,,
no_meaning_yet,word.bal,Bal,,,yes
no_meaning_yet,word.buh,Buh,,🌾,yes
no_meaning_yet,word.chaw,Chaw,,🍚,yes
no_meaning_yet,word.chhanna,Chhânna,,,
no_meaning_yet,word.chhiar,Chhiar,,📖,yes
no_meaning_yet,word.chhun,Chhûn,,,
no_meaning_yet,word.chhungkua,Chhûngkua,,👨‍👩‍👧‍👦,yes
no_meaning_yet,word.dah,Dah,,,
no_meaning_yet,word.ding,Ding,,🧍,yes
no_meaning_yet,word.duh,Duh,,,
no_meaning_yet,word.ei,Ei,,🍽️,yes
no_meaning_yet,word.en,En,,👀,yes
no_meaning_yet,word.fanu,Fanu,,👧,yes
no_meaning_yet,word.fapa,Fapa,,👦,yes
no_meaning_yet,word.hlim,Hlim,,,
no_meaning_yet,word.hmang,Hmang,,,
no_meaning_yet,word.hmeichhia,Hmeichhia,,👩,yes
no_meaning_yet,word.hniam,Hniam,,,
no_meaning_yet,word.hria,Hria,,,
no_meaning_yet,word.in.drink,In,,🥤,yes
no_meaning_yet,word.kal,Kal,,🚶,yes
no_meaning_yet,word.kel,Kêl,,,
no_meaning_yet,word.la,La,,,
no_meaning_yet,word.lehkhabu,Lehkhabu,,📚,yes
no_meaning_yet,word.lian,Lian,,,
no_meaning_yet,word.lo.come,Lo,,,
no_meaning_yet,word.lui,Lui,,🏞️,yes
no_meaning_yet,word.mawi,Mawi,,,
no_meaning_yet,word.mi,Mi,,🧑,yes
no_meaning_yet,word.mikhual,Mikhual,,,
no_meaning_yet,word.mipa,Mipa,,👨,yes
no_meaning_yet,word.muang,Muang,,,
no_meaning_yet,word.mut,Mut,,😴,yes
no_meaning_yet,word.naktuk,Naktûk,,,
no_meaning_yet,word.nau,Nau,,👶,yes
no_meaning_yet,word.naupang,Naupang,,🧒,yes
no_meaning_yet,word.ngaithla,Ngaithla,,,
no_meaning_yet,word.nu,Nu,,👩,yes
no_meaning_yet,word.nula,Nula,,👧,yes
no_meaning_yet,word.pa,Pa,,👨,yes
no_meaning_yet,word.pahnih,Pahnih,,2️⃣,yes
no_meaning_yet,word.pakhat,Pakhat,,1️⃣,yes
no_meaning_yet,word.par,Pâr,,🌸,yes
no_meaning_yet,word.pathum,Pathum,,3️⃣,yes
no_meaning_yet,word.pe,Pe,,,
no_meaning_yet,word.pi,Pi,,👵,yes
no_meaning_yet,word.pu,Pu,,👴,yes
no_meaning_yet,word.ram,Ram,,,
no_meaning_yet,word.sai,Sai,,,
no_meaning_yet,word.sakei,Sakei,,🐯,yes
no_meaning_yet,word.sang.high,Sâng,,,
no_meaning_yet,word.sangha,Sangha,,🐟,yes
no_meaning_yet,word.sava,Sava,,🐦,yes
no_meaning_yet,word.sawi,Sawi,,,
no_meaning_yet,word.sebong,Sebong,,,
no_meaning_yet,word.siam,Siam,,,
no_meaning_yet,word.sikul,Sikul,,🏫,yes
no_meaning_yet,word.sual,Sual,,,
no_meaning_yet,word.tawng,Tawng,,,
no_meaning_yet,word.te.small,Tê,,,
no_meaning_yet,word.tha,Ṭha,,,
no_meaning_yet,word.thian,Ṭhian,,🧑‍🤝‍🧑,yes
no_meaning_yet,word.thing,Thing,,🌳,yes
no_meaning_yet,word.thingpui,Thingpui,,🍵,yes
no_meaning_yet,word.tho.rise,Tho,,,
no_meaning_yet,word.thufing,Thufing,,,
no_meaning_yet,word.thumal,Thumal,,,
no_meaning_yet,word.thut,Thut,,,
no_meaning_yet,word.tlai,Tlâi,,,
no_meaning_yet,word.tlan,Tlân,,🏃,yes
no_meaning_yet,word.tlang,Tlâng,,⛰️,yes
no_meaning_yet,word.tlangval,Tlangval,,👦,yes
no_meaning_yet,word.tlawmngaihna,Tlawmngaihna,,,
no_meaning_yet,word.tui,Tui,,💧,yes
no_meaning_yet,word.ui,Ui,,🐕,yes
no_meaning_yet,word.unau,Unau,,,
no_meaning_yet,word.upa,Upa,,,
no_meaning_yet,word.van,Vân,,🌌,yes
no_meaning_yet,word.vawiin,Vawiin,,,
no_meaning_yet,word.vawk,Vawk,,🐖,yes
no_meaning_yet,word.zai,Zai,,🎵,yes
no_meaning_yet,word.zan,Zân,,🌙,yes
no_meaning_yet,word.zanin,Zanina,,,
no_meaning_yet,word.zawhna,Zawhna,,,
no_meaning_yet,word.zawhte,Zawhte,,🐱,yes
no_meaning_yet,word.zawlbuk,Zawlbûk,,,
no_meaning_yet,word.ziak,Ziak,,✍️,yes
no_meaning_yet,word.zing,Zîng,,🌅,yes
no_meaning_yet,word.zir,Zir,,,
no_meaning_yet,word.zirlai,Zirlai,,🧑‍🎓,yes
no_meaning_yet,word.zirtirtu,Zirtîrtu,,🧑‍🏫,yes
meaning_unclear,word.aiawh,aiawh,to request / ask for earnestly,,
meaning_unclear,word.aiawt,aiâwt,woven bamboo trap for catching fish,,yes
meaning_unclear,word.arpachanlai,arpa chan lai,"at an undecided, uncertain moment",,
meaning_unclear,word.artukkhuan,Artukkhuan,a fragrant flowering plant (species uncertain),,
meaning_unclear,word.aserhzingaameiang,a serh zinga a mei ang,"""like fire smouldering under ash"" — a hidden danger that may flare up",,
meaning_unclear,word.avawtuinekacheh,a vawtuin êk a cheh,"""bitten by one's own snake"" — undone by one's own trick",,
meaning_unclear,word.awkpaka,âwkpakâ,the gap between railing bars of a bahzâr platform,,yes
meaning_unclear,word.awllen,âwllên,busy farming season,,
meaning_unclear,word.bahzar,bahzâr,a raised wooden platform along a wall (zawlbûk or chief's house),,yes
meaning_unclear,word.bawhbel,bawhbel,a large log placed at a zawlbûk entrance one must climb over,,yes
meaning_unclear,word.bengchheng,bengchheng,"lonely, isolated",,
meaning_unclear,word.boral,boral,to become lost / go missing,,
meaning_unclear,word.chapo,chapo,"strict, harsh, cruel",,
meaning_unclear,word.chhah,chhah,narrow (VERIFY),,
meaning_unclear,word.chhang,Chhang,a type of grain or crop (exact species unverified),,
meaning_unclear,word.chhuat,chhuat,embarrassed / ashamed,,
meaning_unclear,word.chhuatphah,Chhuatphah,a kitchen/food item (exact identification unverified),,
meaning_unclear,word.chhungril,chhungril,"burrow, den",,
meaning_unclear,word.chil,chîl,to peck,,
meaning_unclear,word.dawvan,dawvân,a raised wooden platform (synonym of bahzâr),,yes
meaning_unclear,word.dinglam,ding lam,the stationary side (where traffic is not moving),,
meaning_unclear,word.duat,duat,to chirp/cry weakly (of chicks),,
meaning_unclear,word.duham,duhâm,to pity / feel compassion for,,
meaning_unclear,word.eisak,eisak,to bite,,
meaning_unclear,word.emping,Emping,a woven bamboo container or hat (exact form unverified),,
meaning_unclear,word.eng-3,êng,light (in weight),,
meaning_unclear,word.entawn,entawn,"to despise, to look down on",,
meaning_unclear,word.ham,ham,to bite,,
meaning_unclear,word.harh,harh,to return / come back,,
meaning_unclear,word.hawng,hâwng,to search for,,
meaning_unclear,word.hawrawppui,hawrawppui,abbreviation,,
meaning_unclear,word.hlimhla,Hlimhla,"possibly ""shadow"" (uncertain; inferred from a riddle)",,
meaning_unclear,word.hmatiang,hmatiang,in this manner/direction (directional word),,
meaning_unclear,word.hmelchhiatlai,hmel chhiat lai,period of eating together familiarly,,
meaning_unclear,word.hniak-2,Hniak,horn (of an animal),,
meaning_unclear,word.insual,insual,to play together,,
meaning_unclear,word.jam,jam,jam,,yes
meaning_unclear,word.kawi,Kawi,charcoal or a dark stone (exact meaning unverified),,
meaning_unclear,word.kawtthler,Kawtthler,a cluster of shops/houses (village row); exact sense unverified,,
meaning_unclear,word.kawtzawl-2,kawt zawl,free/leisure time,,
meaning_unclear,word.keng,keng,to hang up (for display),,
meaning_unclear,word.kham,kham,"to endure, to withstand",,
meaning_unclear,word.khar,khâr,far / distant,,
meaning_unclear,word.khirh,khirh,to be chronically ill / sickly,,
meaning_unclear,word.mihrang,mi hrâng,"a brave hero, a warrior (pasaltha)",,
meaning_unclear,word.nghakhlel,nghâkhlel,careful / cautious,,
meaning_unclear,word.nghawng,nghâwng,root (of a plant),,
meaning_unclear,word.ngil,Ngil,to forget,,
meaning_unclear,word.ninawm,ninawm,suitable / proper,,
meaning_unclear,word.pangngai,pangngai,"stubbornly, insistently",,
meaning_unclear,word.peih,peih,"worn out, torn from use",,
meaning_unclear,word.peihawm,peihawm,to borrow,,
meaning_unclear,word.phengphehlep-2,Phengphehlep,a kitchen/food item (exact identification unverified),,
meaning_unclear,word.pipu,Pipu,swing (playground equipment),,
meaning_unclear,word.puichhuah,puichhuah,ritual release of an animal in mourning custom,,
meaning_unclear,word.puitling,puitling,"to be complete, to be fulfilled",,
meaning_unclear,word.rai,rai,to rot / decay,,
meaning_unclear,word.rawk,rawk,"to lose (something one owns), to be bereft",,
meaning_unclear,word.remchang,remchang,carefully / cautiously,,
meaning_unclear,word.riltam-2,rilṭam,"jealousy, envy",,
meaning_unclear,word.rit,rit,heavy,,
meaning_unclear,word.sanghal,sanghal,"a wild game animal (exact identity uncertain, possibly related to 'sanghar')",,
meaning_unclear,word.suangtuahna,suangtuahna,wisdom / thoughtfulness,,
meaning_unclear,word.sumdawng,sumdawng,wealthy; well-to-do,,
meaning_unclear,word.sut,sut,to steal,,
meaning_unclear,word.taihmak,taihmâk,patience,,
meaning_unclear,word.taihmakna,taihmakna,"patience, endurance",,
meaning_unclear,word.taimakna,taimakna,patience; perseverance,,
meaning_unclear,word.tapchepsut,tap chep sût,the support posts near a zawlbûk's hearth/fireplace area,,yes
meaning_unclear,word.tawlailir,Tawlailir,swing/seesaw ride,,
meaning_unclear,word.thangchhuahpuan,thangchhuahpuan,a ceremonial cloth associated with the traditional 'thangchhuah' status,,
meaning_unclear,word.thawm,thâwm,"full, satiated (after eating)",,
meaning_unclear,word.thenawm,thenawm,"a companion, a partner",,
meaning_unclear,word.thenawmpa,thenawmpa,uncle,,
meaning_unclear,word.thenawmte,thenawmte,the needy/less fortunate,,
meaning_unclear,word.thlawn,thlâwn,"instead of, in place of",,
meaning_unclear,word.tidarh,tidarh,"to strengthen, harden",,
meaning_unclear,word.tihpalh,tihpalh,to bump into accidentally,,
meaning_unclear,word.tinreng,tinreng,"always, constantly",,
meaning_unclear,word.tirh,tirh,"to tease, pester",,
meaning_unclear,word.uchang,Uchang,a wild fruit or nut (species unverified),,
meaning_unclear,word.uluk,uluk,"carelessly, heedlessly",,
meaning_unclear,word.vakvai,vakvai,an orphan (a child without parents),,
meaning_unclear,word.vanduai,vanduai,sorrow / sadness,,
meaning_unclear,word.veilam,vei lam,the moving-traffic side,,
meaning_unclear,word.veilam-2,veilam,the side of / alongside (possibly wrist),,
meaning_unclear,word.vir,vir,to shout / cry out,,
meaning_unclear,word.zaidam,zaidam,"conceited, arrogant, proud",,
meaning_unclear,word.zal,zâl,calm / becalmed (of sea or wind),,
meaning_unclear,word.zawhte-2,zawhtê,"a small creature (named for its call, exact identity uncertain)",,
meaning_unclear,word.zikhlum,Zikhlum,a leafy vegetable (exact species unverified),,
meaning_unclear,word.zilhhauna,zilhhauna,blessing/reward given for good behavior,,
meaning_unclear,word.zui,zui,"to hold, grip (in a match)",,
no_picture_needed,word.aihnahphahpui,Ai hnah phahpui,a close companion who has helped/supported one since childhood,,
no_picture_needed,word.airia,airia,fame / renown,,
no_picture_needed,word.aitechhin,aite chhin,to say something not seriously meant,,
no_picture_needed,word.akhawnawtin,a khaw nâwtin,the whole village / everyone in the community,,
no_picture_needed,word.aletlingakhaiang,a letlinga khai ang,"""like a gong that has lost its ring"" — to be clueless/oblivious",,
no_picture_needed,word.amaherawhchu,amaherawhchu,and yet; nonetheless,,
no_picture_needed,word.archilzat,ar chil zat,a very small amount,,
no_picture_needed,word.artelukawn,arte lu kawn,"to get zero result, a complete blank/failure",,
no_picture_needed,word.aruhlangin,a ruh langin,"openly, straightforwardly, bluntly",,
no_picture_needed,word.asarhulai,a sârhû lai,"at first, at the very beginning",,
no_picture_needed,word.athlumaaleiza,a thlum a al ei za,"to eat indiscriminately, without picking and choosing",,
no_picture_needed,word.au,au,to call / cry out,,
no_picture_needed,word.auh,auh,to tease / pester / bother,,
no_picture_needed,word.avangin,avangin,because of; due to,,
no_picture_needed,word.awm,Awm,Stay / exist / be,,
no_picture_needed,word.awmkhauh,awmkhauh,"uneasy, uncomfortable",,
no_picture_needed,word.awmnikham,awmni kham,a village day of rest declared due to death or a major event,,
no_picture_needed,word.awmphung,awmphung,manner of existing; nature/character of a thing,,
no_picture_needed,word.bal-2,bâl,"a stain, blemish",,
no_picture_needed,word.balhna,Balhna,"mistake, fault, wrongdoing",,
no_picture_needed,word.barh,barh,to peck,,
no_picture_needed,word.bawhtir,bawhtîr,to make (an animal) lie down and rest,,
no_picture_needed,word.bechhawhchhi,be chhawhchhi,to make a baseless/false accusation,,
no_picture_needed,word.beidawng,beidawng,hopeless / without a way out,,
no_picture_needed,word.beidawnna,beidawnna,"despair, hopelessness",,
no_picture_needed,word.beidawnthlak,beidawnthlak,"discouraging, hopeless",,
no_picture_needed,word.beihpui,beihpui,"to help, assist",,
no_picture_needed,word.beisei,beisei,"hope, expectation",,
no_picture_needed,word.beitham,bei tham,exaggerated or unrealistic hope,,
no_picture_needed,word.belchhungsa,bêl chhung sa,a private/secret matter,,
no_picture_needed,word.benbel,benbel,to lend out generously,,
no_picture_needed,word.bengbel,bêngbel,to secure/store something firmly,,
no_picture_needed,word.bengsikangaihtuah,beng sika ngaihtuah,to think something over carefully,,
no_picture_needed,word.bet,bet,"to persecute, to harass",,
no_picture_needed,word.bial,bial,"round, plump",,
no_picture_needed,word.bihruktir,bihrûktir,to deceive / trick,,
no_picture_needed,word.bilh,bilh,"to tuck in fully, wrap in completely",,
no_picture_needed,word.bin,bin,to flee in fear,,
no_picture_needed,word.boralsan,boralsan,to pass away (respectful term for dying),,
no_picture_needed,word.buaina,Buaina,"trouble, problem, disturbance",,
no_picture_needed,word.buang,buang,to transform / change form,,
no_picture_needed,word.bung,bung,part / category / group,,
no_picture_needed,word.chakkhai,châkkhai,diligent / persistent (doing something without fail),,
no_picture_needed,word.chakla,chak la,a greedy desire for something,,
no_picture_needed,word.chaldar,chaldâr,a vital/critical spot on the body,,
no_picture_needed,word.chang,chang,"turn (one's turn, as in a game)",,
no_picture_needed,word.changelasawibelang,changêla sâwi bêl ang,to stubbornly refuse to change one's stance,,
no_picture_needed,word.changkang,changkâng,progress / advancement,,
no_picture_needed,word.changkang-2,changkang,civilized; progressive (of conduct/development),,
no_picture_needed,word.changkanna,changkanna,progress; development,,
no_picture_needed,word.chanvo,chanvo,"fate, destiny, one's lot in life",,
no_picture_needed,word.chapcharkut,chapchâr kût,spring festival (a traditional Mizo spring festival),,
no_picture_needed,word.charsutphawi,char sût phawi,a younger sibling doted on and spoiled,,
no_picture_needed,word.chawimawi,chawimawi,"to honor, congratulate",,
no_picture_needed,word.chawlhdilna,chawlh dilna,leave request,,
no_picture_needed,word.chawnlehlam,chawn leh lâm,a traditional feast and dance celebration,,
no_picture_needed,word.chenchilhtu,chenchilhtu,a caretaker/guardian spirit of a place,,
no_picture_needed,word.chharsak,chharsak,"to give away, hand over to someone",,
no_picture_needed,word.chhawmdawl,chhawmdawl,orphan,,
no_picture_needed,word.chhekkhawm,chhêk khâwm,to gather/hoard through wrongful means,,
no_picture_needed,word.chhep,chhep,to hoot / screech (owl's cry),,
no_picture_needed,word.chhepsual,chhep sual,"to make a misstep, to err in action",,
no_picture_needed,word.chherup,chhe rup,"to become degraded, worn/depleted (of the environment)",,
no_picture_needed,word.chhiahhlawh,chhiahhlawh,"a servant, hired helper (historical social role)",,
no_picture_needed,word.chhiatna,chhiatna,harm / damage / fault,,
no_picture_needed,word.chhuahsan,chhuahsan,to give up; to renounce,,
no_picture_needed,word.chhuanawm,chhuanawm,"graceful, dignified, elegant",,
no_picture_needed,word.chhui,chhui,"to follow, to pursue",,
no_picture_needed,word.chhuihthangval,chhuihthang val,a young man in the prime of youth,,
no_picture_needed,word.chhukchho,chhuk chho,to rise up out of hardship,,
no_picture_needed,word.chhulkhatkual,chhûl khat kual,siblings from the same mother,,
no_picture_needed,word.chi-ai,chi-ai,"shame, embarrassment",,
no_picture_needed,word.chiarnghian,chiar nghian,to bloom thickly in a row,,
no_picture_needed,word.chilchhakphak,chil chhak phak,within very close/near range,,
no_picture_needed,word.chilhna,chilhna,act of combing (hair),,
no_picture_needed,word.chirhtheh,chirhtheh,to scatter or sow (seeds),,
no_picture_needed,word.chuanchung,chuan chung,the highest/topmost part of a village or region,,
no_picture_needed,word.chuantir,chuantir,to snap or pluck quickly,,
no_picture_needed,word.chum,chum,"clear, bright (of weather or water)",,
no_picture_needed,word.chungchuang,chungchuang,upright; dignified in bearing,,
no_picture_needed,word.chungtlak,Chungtlak,"worthy, deserving, qualified",,
no_picture_needed,word.chuvangin,chuvangin,therefore; because of that,,
no_picture_needed,word.dahkham,dahkham,"to pawn, to mortgage something",,
no_picture_needed,word.daih,daih,to snap or break off (with a cracking sound),,
no_picture_needed,word.damdiai,dam diai,"relieved, at ease",,
no_picture_needed,word.dan,dan,"law, rule, custom",,
no_picture_needed,word.dangdai,dangdai,diligent / industrious,,
no_picture_needed,word.danglam,danglam,"different, unusual, special",,
no_picture_needed,word.dawih,dawih,"stingy, miserly",,
no_picture_needed,word.dawklak,dawklak,"addiction, harmful habit",,
no_picture_needed,word.dawlh,dawlh,to catch (with a net or trap),,
no_picture_needed,word.dawngtu,dawngtu,receiver (of something),,
no_picture_needed,word.dawt,dâwt,"to backbite, speak ill of someone",,
no_picture_needed,word.deng,deng,"to grind, mill",,
no_picture_needed,word.dengkhawng,dengkhâwng,echo; resonating sound,,
no_picture_needed,word.der,der,flapping/fluttering sound,,
no_picture_needed,word.dikna,dikna,"righteousness, correctness",,
no_picture_needed,word.dil,dil,to ask / request,,
no_picture_needed,word.dilna,Dilna,a formal application or request (letter),,
no_picture_needed,word.dim,dim,to hide / lurk stealthily,,
no_picture_needed,word.dimdawi,dimdawi,to tend/care for someone thoroughly,,
no_picture_needed,word.dingchang,dingchang,"to stand firm, to be stable/successful",,
no_picture_needed,word.dingkhawchhuak,ding khawchhuak,to stand resolute; to remain steadfast,,
no_picture_needed,word.diriamna,diriamna,"steadfastness, stability",,
no_picture_needed,word.doral,dorâl,"battlefield, place of war/conflict",,
no_picture_needed,word.duapkai,duap kai,to offend; to violate (a rule/boundary),,
no_picture_needed,word.duham-2,duham,"to envy, to covet",,
no_picture_needed,word.duhsakna,duhsakna,"kindness, favor shown to someone",,
no_picture_needed,word.duhthusam,duhthusam,"greed, covetousness",,
no_picture_needed,word.duk,duk,itchy,,
no_picture_needed,word.ekbeng,êk beng,"to crowd around thickly, like ants",,
no_picture_needed,word.ekhai,e khai,"an exclamation expressing surprise (""oh!"", ""wow!"")",,
no_picture_needed,word.enghelh,enghelh,"to oppress, to keep close watch on cruelly",,
no_picture_needed,word.enkawl,enkawl,to take care of,,
no_picture_needed,word.enkawlna,enkawlna,care; nursing,,
no_picture_needed,word.enkawlsak,enkawlsak,to manage/oversee on someone's behalf,,
no_picture_needed,word.enkawltu,enkawltu,"a caretaker, one who tends or watches over",,
no_picture_needed,word.entawntlak,entawn tlak,worthy of being taken as an example,,
no_picture_needed,word.enthla,enthla,"to test, examine",,
no_picture_needed,word.erawhchu,erawh chu,however; on the other hand,,
no_picture_needed,word.faihliau,fai hliau,to wipe away,,
no_picture_needed,word.fakawm,fakawm,dependable; trustworthy,,
no_picture_needed,word.fang,fang,"to visit, go around",,
no_picture_needed,word.fanghmanoei,fanghma no ei,to spend recklessly (splurge),,
no_picture_needed,word.farnu,Farnu,"a certain female relative (kinship term, roughly ""sister-in-law"" or female cousin)",,
no_picture_needed,word.feh,feh,to go / set off (colloquial),,
no_picture_needed,word.fel,fel,well-behaved / righteous / proper in conduct,,
no_picture_needed,word.felna,felna,righteousness / moral uprightness,,
no_picture_needed,word.fiah,fiah,clear / plain,,
no_picture_needed,word.fimkhur,fimkhur,careful,,
no_picture_needed,word.finna,finna,wisdom,,
no_picture_needed,word.fuih,fuih,"to persuade, coax",,
no_picture_needed,word.fuihpawrh,Fuihpawrh,"to nag, pester, or incite someone with words",,
no_picture_needed,word.hachangthial,ha chang thial,to grind one's teeth with resentment,,
no_picture_needed,word.hah,hah,to pant / be short of breath,,
no_picture_needed,word.hahchawl-2,hahchâwl,to rest / take a break,,
no_picture_needed,word.hahip,hahip,to recount a story with amazement/awe,,
no_picture_needed,word.haider,hai der,"excess, exaggeration",,
no_picture_needed,word.hal,hâl,thirsty,,
no_picture_needed,word.hamthatna,hamthatna,"good fortune, blessing",,
no_picture_needed,word.harhvang-2,harhvâng,"mischievous, restless (of a child)",,
no_picture_needed,word.harsatnathli,harsatna thli,"""wind of hardship"" (figurative: life's difficult trials)",,
no_picture_needed,word.haw,haw,"to return, go back",,
no_picture_needed,word.hawihhawm,hawihhawm,"generous, warm-hearted",,
no_picture_needed,word.hawihhawm-2,hawihhâwm,"polite, courteous",,
no_picture_needed,word.herhsawp,herhsawp,rule; regulation,,
no_picture_needed,word.hla,hla,far,,
no_picture_needed,word.hlan,hlân,"long ago, formerly",,
no_picture_needed,word.hlang,Hlâng,human scent or trace,,
no_picture_needed,word.hlauhlawp,hlau hlawp,fear and dread,,
no_picture_needed,word.hlauthawng,hlauthawng,"startled, panicked",,
no_picture_needed,word.hlawhchham,hlawhchham,failure,,
no_picture_needed,word.hleitling,hleitling,"loose and baggy, oversized (of clothing)",,
no_picture_needed,word.hlen,hlen,"to increase, to extend, to add to",,
no_picture_needed,word.hlet,Hlet,to be an equal match or worthy rival,,
no_picture_needed,word.hling,hling,to lure / tempt with a trick,,
no_picture_needed,word.hlohna,hlohna,"loss, defeat",,
no_picture_needed,word.hlothlo,hlothlo,weeds that choke crops,,
no_picture_needed,word.hluihlawn,hluihlâwn,to neglect/abandon something once used,,
no_picture_needed,word.hlum,hlum,"to die, to perish (esp. violently)",,
no_picture_needed,word.hmachhawn,hmachhawn,"to face, to confront",,
no_picture_needed,word.hmaihthelh,hmaihthelh,"to neglect, delay",,
no_picture_needed,word.hmaitimawk,hmai timâwk,to disgrace/tarnish one's reputation,,
no_picture_needed,word.hmangchang,hmangchang,"clearly, obviously (evident to onlookers)",,
no_picture_needed,word.hmanghria,hmanghria,"discerning, perceptive (notices things others miss)",,
no_picture_needed,word.hmanhmawh,hmanhmawh,careless / reckless,,
no_picture_needed,word.hmasawn,hmasawn,to progress; to develop,,
no_picture_needed,word.hmasawnna,hmasawnna,"progress, development",,
no_picture_needed,word.hmatiam,hmatiam,diligent / hardworking,,
no_picture_needed,word.hmawr,hmawr,the hem/border of a cloth,,
no_picture_needed,word.hmingthanna,hmingthanna,a famous distinguishing trait (e.g. beautiful long hair),,
no_picture_needed,word.hmingthat,hmingthat,"good name, good reputation",,
no_picture_needed,word.hmuhsit,hmuhsit,to look down on; to despise,,
no_picture_needed,word.hmuingilna,hmuingilna,"harmony, unity, concord",,
no_picture_needed,word.hnai,hnai,near,,
no_picture_needed,word.hnamhmel,hnam hmêl,"national image, reputation",,
no_picture_needed,word.hnampangpar,hnam pangpar,"""the flower of the nation"" — a beloved emblem of one's people",,
no_picture_needed,word.hnamtlawm,hnam tlawm,a minority tribe/small ethnic group,,
no_picture_needed,word.hnar-2,hnâr,"to protect, to secure (against loss)",,
no_picture_needed,word.hnathawh,hnathawh,hard work / diligence,,
no_picture_needed,word.hnatlang,hnatlang,community labor / cooperative work,,
no_picture_needed,word.hnawksak,hnawksak,"to harm, to endanger someone",,
no_picture_needed,word.hnawm,hnâwm,foul smell; stench,,
no_picture_needed,word.hnem,hnem,to comfort / console,,
no_picture_needed,word.hnial,hnial,"to refuse, deny",,
no_picture_needed,word.hnianghnar,hnianghnâr,"abundant, plentiful (of wildlife)",,
no_picture_needed,word.hnimnuam,hnim nuam,pleasant fragrance / nice smell,,
no_picture_needed,word.hnual,hnual,"upset, frustrated",,
no_picture_needed,word.hnuchhawn,hnuchhawn,to turn one's back on / neglect,,
no_picture_needed,word.hnuk,hnuk,to pull,,
no_picture_needed,word.hnuk-2,hnûk,to trick / deceive,,
no_picture_needed,word.hnukchah,hnuk chah,"to hold back, delay revealing (something)",,
no_picture_needed,word.hnukulh,hnuk ulh,"to feel sad, downhearted, or troubled",,
no_picture_needed,word.hnung,hnung,"back, rear",,
no_picture_needed,word.hnunglamamitneiang,hnung lama mit nei ang,to have foresight (lit. eyes at the back),,
no_picture_needed,word.hotu,hotu,class leader / monitor,,
no_picture_needed,word.hrai,hrai,to carry on the back,,
no_picture_needed,word.hraichawi,hraichawi,to swing (on branches),,
no_picture_needed,word.hrehawm,hrehawm,difficult/hard-up,,
no_picture_needed,word.hrethiam,hre thiam,to understand,,
no_picture_needed,word.hrilh,hrilh,to tell / instruct,,
no_picture_needed,word.hrilhfiahtu,hrilhfiahtu,adjective (descriptive word),,
no_picture_needed,word.hringfate,hring fate,"human beings, all created/living beings",,
no_picture_needed,word.hruai,hruai,"to lead, guide",,
no_picture_needed,word.huai,huai,a guardian spirit believed to inhabit a mountain or place,,
no_picture_needed,word.huaihawt,huaihawt,to take part together / participate,,
no_picture_needed,word.huaina,huaina,difference; distinction,,
no_picture_needed,word.huaisen,huaisen,brave,,
no_picture_needed,word.hual,hual,"to surround, besiege, encircle",,
no_picture_needed,word.huikhawm,hui khawm,to gather together in numbers,,
no_picture_needed,word.humhalh,humhalh,"to protect, to guard carefully",,
no_picture_needed,word.hut,hût,"unfit, spoiled, ill-gotten",,
no_picture_needed,word.inbarh,inbarh,to share / distribute among each other,,
no_picture_needed,word.inbiakna,inbiakna,"conversation, dialogue",,
no_picture_needed,word.inbiakpawhna,inbiak pawhna,communication (mutual conversing/connection),,
no_picture_needed,word.inbuatsaih,inbuatsaih,"to prepare, get ready",,
no_picture_needed,word.incheina,incheina,manners / etiquette,,
no_picture_needed,word.inchhawn,inchhawn,to challenge one another to a match,,
no_picture_needed,word.inchhir,inchhir,to search for,,
no_picture_needed,word.inchhirna,inchhirna,"self-reproach, guilt, regret",,
no_picture_needed,word.indaikhalh,indaikhalh,to sweep or trip an opponent's leg (wrestling technique),,
no_picture_needed,word.infiamna,infiamna,amusement; entertainment,,
no_picture_needed,word.inhnawk,Inhnawk,mutual teasing or playful pranking between children,,
no_picture_needed,word.inhneh,inhneh,to defeat one another in a contest,,
no_picture_needed,word.inhnial,inhnial,to argue with each other / to each deny the other's claim,,
no_picture_needed,word.inkalhkhung,inkalh khung,a hidden inner compartment/chamber,,
no_picture_needed,word.inkulh,Inkulh,"mutual conflict, feud, or armed clash between groups",,
no_picture_needed,word.inlar,inlâr,to appear / manifest oneself,,
no_picture_needed,word.inlukhup,inlukhup,to cover/wrap oneself entirely,,
no_picture_needed,word.inmamawhtawn,inmamawh tawn,"interdependence, relying on one another",,
no_picture_needed,word.inngaihtlawmna,inngaihtlawmna,humility,,
no_picture_needed,word.inngaitlawm,inngaitlawm,humility,,
no_picture_needed,word.inngeih,inngeih,endurance / perseverance,,
no_picture_needed,word.inpeih,inpeih,to get ready / prepare,,
no_picture_needed,word.inpersan,inpersan,to blame one another / shift blame,,
no_picture_needed,word.inphawi,inphawi,to make a formal challenge/pledge for a match,,
no_picture_needed,word.inphekbeih,inphêk beih,"to argue, quarrel heatedly with one another",,
no_picture_needed,word.inphelh,inphelh,"to swap, exchange with each other",,
no_picture_needed,word.inpuahchah,inpuahchah,to prepare / get ready,,
no_picture_needed,word.inpumpek,inpumpek,to dedicate oneself,,
no_picture_needed,word.inringtawn,inring tawn,"mutual interdependence, relying on one another",,
no_picture_needed,word.insaseng,insaseng,"to defend oneself, to fend for oneself",,
no_picture_needed,word.insawizawi,insawizawi,to practice/train,,
no_picture_needed,word.insik,insik,"shyness, embarrassment",,
no_picture_needed,word.insualtir,insualtir,to deceive one another / mislead,,
no_picture_needed,word.insuan,insuan,"to descend from, to originate (lineage)",,
no_picture_needed,word.insuknawr,insuknawr,to warm up/loosen up the body before a match,,
no_picture_needed,word.insum,insûm,"self-control, restraint",,
no_picture_needed,word.inthiam,inthiam,"to reconcile / make peace, apologize",,
no_picture_needed,word.inthlahna,inthlahna,"competition, contest",,
no_picture_needed,word.inthlahrunawm,inthlahrunawm,trustworthy; reliable,,
no_picture_needed,word.inthlahrung,inthlahrung,to be startled; taken by surprise,,
no_picture_needed,word.inthurual,inthurual,to discuss/plan together,,
no_picture_needed,word.intiam,intiam,to make a promise together,,
no_picture_needed,word.intifing,intifing,"self-reliance, relying on oneself",,
no_picture_needed,word.intihretak,intihre tak,"sincerely, earnestly (making something clearly understood)",,
no_picture_needed,word.intithei,intithei,"to prove oneself, to show one's true worth",,
no_picture_needed,word.intlakral,intlak ral,to compare oneself with others,,
no_picture_needed,word.intlansan,intlansan,to make a mutual pact / help each other along the way,,
no_picture_needed,word.intlawhpawh,intlawh pawh,"to compete with, to rival one another",,
no_picture_needed,word.intuithlar,intuithlar,"to become estranged, distant from once-close people",,
no_picture_needed,word.inzial,inzial,to wither / dry up,,
no_picture_needed,word.it,ît,to crave / be eager for,,
no_picture_needed,word.itsikna,itsikna,"selfishness, self-interest",,
no_picture_needed,word.kai,kai,"to migrate, to relocate (a village)",,
no_picture_needed,word.kaihhruaina,kaihhruaina,guidance; leadership,,
no_picture_needed,word.kaihruaitu,kaihruaitu,"a guide, a guiding principle",,
no_picture_needed,word.kaizaveng,kaiza veng,"rear guards, those watching the flank of a group",,
no_picture_needed,word.kalhnulh,Kalh nulh,to poke or pester one another playfully,,
no_picture_needed,word.kalliam,kal liam,to pass by,,
no_picture_needed,word.kamhlei,kam hlei,lacking self-restraint,,
no_picture_needed,word.kamtha,Kam tha,"good conduct, good behavior",,
no_picture_needed,word.kawhhmuhtu,kawhhmuhtu,demonstrative marker,,
no_picture_needed,word.kawlanichhuakchhiar,kawla ni chhuak chhiar,to count down the remaining days,,
no_picture_needed,word.kawlvirthli,kawl virthli,"a gentle, pleasant breeze",,
no_picture_needed,word.kawngkal,kawngkal,danger; risk kept guarded against,,
no_picture_needed,word.kawrawk,kawrawk,"extremely poor, destitute",,
no_picture_needed,word.kawrvai,kawrvâi,"the plains, lowland region",,
no_picture_needed,word.kawtchhuah,kawtchhuah,a formal public first appearance (coming-out),,
no_picture_needed,word.kelchawlang,kel chawl ang,always mischievous/restless (like a goat that never stops),,
no_picture_needed,word.kelphungtapchimhmuang,kêlphûng tap chim hmu ang,restless like a goat licking a salt-lick — unable to sit still,,
no_picture_needed,word.khawlkhawm,khawl khâwm,"accumulated wealth, earnings",,
no_picture_needed,word.khawlohna,khawlohna,laziness,,
no_picture_needed,word.khawmhma,khawmhma,blunt (of a tool),,
no_picture_needed,word.khawngaihthlakawm,khawngaihthlakawm,pitiful / deserving of compassion,,
no_picture_needed,word.khawsahote,khawsahote,the poor; the needy,,
no_picture_needed,word.khawtlang,khawtlang,community / society,,
no_picture_needed,word.khuallian,khual lian,"important guest, dignitary",,
no_picture_needed,word.khuangchawi,khuangchawi,feast of merit (traditional Mizo festival),,
no_picture_needed,word.khuangchawithla,khuangchawi thla,October (Mizo month),,
no_picture_needed,word.khuangcherbo,khuangcher bo,to become confused / lose composure,,
no_picture_needed,word.khuavang,khuavang,a nature spirit/fairy of Mizo folklore,,
no_picture_needed,word.khuavangrikhamsa,khuavang ri kham sa,an eerie sound in the mountains believed to be a spirit's voice,,
no_picture_needed,word.khuh,khuh,to cover,,
no_picture_needed,word.khung,khung,"to cover, enclose",,
no_picture_needed,word.khup,khup,a wrap or covering cloth,,
no_picture_needed,word.ko,ko,to call out to / summon,,
no_picture_needed,word.kumpuilinglet,kumpui linglet,the span of a whole year,,
no_picture_needed,word.kutnivangthla,kûtni vângthla,traditional festival days and calendar,,
no_picture_needed,word.kuttlinglo,kut tling lo,not achieved through honest effort,,
no_picture_needed,word.laikingfaneih,laiking fa neih,to have a child out of wedlock,,
no_picture_needed,word.lainatawm,lainatawm,pitiable; deserving compassion,,
no_picture_needed,word.lak,lak,"to take, remove",,
no_picture_needed,word.lam-3,lam,"direction, side",,
no_picture_needed,word.lamthuam,lamthuam,a crossroads (often linked with folk beliefs),,
no_picture_needed,word.latui,latui,profuse tears mixed with saliva from intense crying/wailing,,
no_picture_needed,word.lawilen,lawilen,spacious and open (of a place),,
no_picture_needed,word.lawmawm,lawmawm,"relieved, satisfied",,
no_picture_needed,word.lehchhawng,lehchhawng,food chain (ecological term),,
no_picture_needed,word.lenkawl-2,lenkâwl,to wander; to stroll leisurely,,
no_picture_needed,word.lenrual,Lenrual,a companion who travels or spends time with one,,
no_picture_needed,word.lentu,lentu,"wilderness, uninhabited wild land",,
no_picture_needed,word.liam,liam,"to pass by, go past",,
no_picture_needed,word.lir,lir,to throw,,
no_picture_needed,word.losul,Losûl,a newly cleared field prepared for planting (jhum-farming term),,
no_picture_needed,word.luahtu,luahtu,"a conqueror, one who seizes by force",,
no_picture_needed,word.lukhawng,lukhâwng,final/ultimate profit or gain,,
no_picture_needed,word.lunglai,lunglai,"heart, mind, soul (poetic)",,
no_picture_needed,word.lunglairil,lunglai ril,the innermost part of one's heart,,
no_picture_needed,word.lunglenna,lunglenna,"homesickness, longing",,
no_picture_needed,word.lungnilo,lungni lo,"displeased, unhappy, discontent",,
no_picture_needed,word.lungrual,lungrual,unified / in harmony,,
no_picture_needed,word.lungthu,lungthu,"courage, resolve, wholeheartedness",,
no_picture_needed,word.lupanhnathawh,lu pân hnathawh,to work half-heartedly / without real effort,,
no_picture_needed,word.mahnikutke,mahni kutke,"self-reliance, one's own capability",,
no_picture_needed,word.mahriakin,mah riakin,"by oneself, on one's own accord",,
no_picture_needed,word.mahse,mahse,but; however,,
no_picture_needed,word.maianbai,maian bai,"sooty-faced, smudged with soot",,
no_picture_needed,word.mak,mak,"strange, amazing, marvellous",,
no_picture_needed,word.makpa,Makpa,Son-in-law,,
no_picture_needed,word.mamawh,mamawh,"need, necessity",,
no_picture_needed,word.man,man,to catch / grab,,
no_picture_needed,word.mangkhawh,mang khawh,to be capable of dreaming/perceiving deeply,,
no_picture_needed,word.mangnghilh,mangnghilh,"to forget completely, absent-minded",,
no_picture_needed,word.manlehmual,man leh mual,traditional bride price/dowry payment,,
no_picture_needed,word.mauh,mauh,a heavy burden (metaphorical),,
no_picture_needed,word.mawhphurtu,mawhphurtu,a responsible person / one in charge,,
no_picture_needed,word.mawl,mâwl,foolish / silly,,
no_picture_needed,word.mawlhmawlh,mawlh mawlh,aimlessly / idly,,
no_picture_needed,word.mimkut,mîm kût,maize / memorial festival,,
no_picture_needed,word.mimkutthla,mimkût thla,September (Mizo month),,
no_picture_needed,word.mitlaw,mitlâw,a visionary or far-sighted person,,
no_picture_needed,word.mitthlaah,mitthlaah,"in the presence of, before the eyes of",,
no_picture_needed,word.mizo,Mizo,Mizo (the people/identity),,
no_picture_needed,word.monu,Monu,Daughter-in-law,,
no_picture_needed,word.mualliam,Mual liam,to journey or spread across hills and land (poetic phrase),,
no_picture_needed,word.muangin,muangin,peacefully / calmly,,
no_picture_needed,word.muanglei,muanglei,"a tranquil, restful land",,
no_picture_needed,word.muanna,muanna,comfort / consolation,,
no_picture_needed,word.na,na,painful / hurting,,
no_picture_needed,word.na-2,nâ,painful / sore,,
no_picture_needed,word.nachang,nachâng,"nature, character, trait",,
no_picture_needed,word.nakalai,nâkalai,around that time / the following day,,
no_picture_needed,word.nasatna,nasatna,"danger, calamity, severe disaster",,
no_picture_needed,word.nauhnauh,nauh nauh,"hastily, carelessly (in a rush)",,
no_picture_needed,word.nauriltam,nau ril tam,shortly before a scheduled mealtime,,
no_picture_needed,word.nawi,nawi,"gentle, soft, mild",,
no_picture_needed,word.nawknawk,nawk nawk,"again and again, repeatedly",,
no_picture_needed,word.nawm,nawm,playful / done for fun,,
no_picture_needed,word.nei,nei,"to have, own",,
no_picture_needed,word.nem,nêm,"soft, gentle, tender",,
no_picture_needed,word.nemthep,nêm thep,to squeeze / crush gently,,
no_picture_needed,word.nep,nêp,small / lesser (in importance),,
no_picture_needed,word.ngah,ngah,to value / treasure,,
no_picture_needed,word.ngaihnawm,ngaihnawm,"interesting, enjoyable",,
no_picture_needed,word.ngaihnep,ngaihnêp,to look down on / disdain,,
no_picture_needed,word.ngaihsak,ngaihsak,to respect / value someone,,
no_picture_needed,word.ngaihsakna,ngaihsakna,regard; respect shown to someone,,
no_picture_needed,word.ngaimawh,ngaimawh,"pity, sympathy",,
no_picture_needed,word.ngaithiam,ngai thiam,to forgive,,
no_picture_needed,word.ngatngat,ngat ngat,"firmly, steadily (e.g. of digging)",,
no_picture_needed,word.ngawi,ngawi,to grin sheepishly / smile awkwardly,,
no_picture_needed,word.ngawlvei,ngawlvei,"careless, reckless",,
no_picture_needed,word.ngen,ngen,to request/beg,,
no_picture_needed,word.nghawng-2,nghawng,"influence, effect",,
no_picture_needed,word.nghawrdim,nghawr dim,"a hollow, melancholy feeling",,
no_picture_needed,word.nghet,nghet,firm / steadfast,,
no_picture_needed,word.nghilh,nghilh,to forget,,
no_picture_needed,word.ngilneihna,ngilneihna,mercy / kindness,,
no_picture_needed,word.ngun-2,ngun,diligent / earnest,,
no_picture_needed,word.ngurchuai,ngurchuai,"careless, irresponsible, reckless",,
no_picture_needed,word.nichin,nichin,"daily, every day",,
no_picture_needed,word.nihlawh,nihlawh,"loss, deficiency",,
no_picture_needed,word.nikirthla,nikir thla,June (Mizo month),,
no_picture_needed,word.nilavuizolo,ni la vui zo lo,"still too young, not yet fully grown",,
no_picture_needed,word.nimahsela,nimahsela,nevertheless; even so,,
no_picture_needed,word.nimin,nimin,yesterday,,
no_picture_needed,word.ningnawi,ningnâwi,calm / gentle,,
no_picture_needed,word.nuamsa,nuamsa,comfortable; at ease,,
no_picture_needed,word.nuihsan,nuihsan,"to mock, to ridicule",,
no_picture_needed,word.nuihsawh,Nuihsawh,"mockery, ridicule",,
no_picture_needed,word.nun,nun,life,,
no_picture_needed,word.nungchang,nungchang,character / personality,,
no_picture_needed,word.nunkhawnawmna,nunkhaw nawmna,"a joyful, prosperous life",,
no_picture_needed,word.nunna,nunna,life,,
no_picture_needed,word.nunrawn,nunrâwn,"livelihood, sustenance",,
no_picture_needed,word.paih,paih,to throw away / discard,,
no_picture_needed,word.palh,palh,"mistake, error",,
no_picture_needed,word.pan,pan,to weave / plait (bamboo),,
no_picture_needed,word.parawl,parawl,"legend, myth",,
no_picture_needed,word.pasaltha,pasaltha,brave hunter / warrior (traditional term),,
no_picture_needed,word.pawhraw,Pawhraw,"rowdy or mischievous behavior, especially among young men",,
no_picture_needed,word.pawlhtu,pawlhtu,"a deceiver, one who misleads",,
no_picture_needed,word.pawlkutthla,pawlkut thla,January (Mizo month),,
no_picture_needed,word.pawltlakthla,pawltlâk thla,December (Mizo month),,
no_picture_needed,word.pawng,pâwng,"to discriminate, show unfair partiality",,
no_picture_needed,word.peipung,peipung,"to multiply, to grow through compounding",,
no_picture_needed,word.peng,pêng,"side, edge",,
no_picture_needed,word.peng-2,peng,"part, section (of the body)",,
no_picture_needed,word.petu,petu,giver (of something),,
no_picture_needed,word.phalhauh,phalhauh,to readily consent/allow,,
no_picture_needed,word.phian,phian,"easily, readily",,
no_picture_needed,word.phin,phîn,to confront / meet head-on,,
no_picture_needed,word.pho,pho,"to expose, reveal, uncover",,
no_picture_needed,word.phuh,phuh,to spray / blow out (water),,
no_picture_needed,word.phuhru,phuhru,"to burden, to be a load on someone",,
no_picture_needed,word.phum,phûm,to bury,,
no_picture_needed,word.phungzingapiringvawrhang,Phûng zinga piring vawrh ang,to be constantly busy or occupied without rest (idiom),,
no_picture_needed,word.phur-2,phûr,heavy (burden),,
no_picture_needed,word.phurhhlan,phurhhlân,"a heavy, cherished burden (figurative: heritage/legacy)",,
no_picture_needed,word.phurrit,phur rit,"heavy responsibility, burden",,
no_picture_needed,word.pialleikara,piallei kara,"beneath the earth, in the grave",,
no_picture_needed,word.pianna,pianna,"birth, origin",,
no_picture_needed,word.pianphung,pianphung,instinct; inborn tendency,,
no_picture_needed,word.pianzia,pianzia,one's nature; inborn character,,
no_picture_needed,word.pua,pua,to carry (a baby) on the back,,
no_picture_needed,word.puak,puak,to bear fruit / swell,,
no_picture_needed,word.ralkairual,râl kai rual,a comrade who fights alongside one; battle companion,,
no_picture_needed,word.ralluaih,ral lu aih,a traditional victory celebration involving an enemy's severed head (historical warfare custom),,
no_picture_needed,word.ralpui,ralpui,"a great, dreaded enemy or predator",,
no_picture_needed,word.ralram,Râl ram,"enemy territory, hostile foreign land",,
no_picture_needed,word.rambua,ram bua,"a troubled, impoverished land",,
no_picture_needed,word.ramchhuah,ramchhuah,a title earned by a renowned hunter (one who has killed prescribed numbers of wild game),,
no_picture_needed,word.ramchhuak,ramchhuak,wild game emerging from the forest,,
no_picture_needed,word.ramhuai,ramhuai,a forest/wild spirit,,
no_picture_needed,word.ramnuam,ram nuam,peaceful / pleasant land,,
no_picture_needed,word.ramri,ramri,"boundary, border",,
no_picture_needed,word.ramriangte,ram riang tê,a small and humble homeland,,
no_picture_needed,word.ramtukthla,ramtuk thla,February (Mizo month),,
no_picture_needed,word.ran,ran,animal,,
no_picture_needed,word.rapthlak,râpthlâk,"pitiful, miserable",,
no_picture_needed,word.rawngbawl,rawngbawl,"to serve, to take care of (a duty)",,
no_picture_needed,word.remruat,remruat,to plan/agree,,
no_picture_needed,word.rethei,rethei,poor,,
no_picture_needed,word.retheih,retheih,"poor, poverty-stricken",,
no_picture_needed,word.retheihna,retheihna,poverty,,
no_picture_needed,word.ria,ria,"difficult, hard",,
no_picture_needed,word.riang,Riang,"poor, destitute, bare",,
no_picture_needed,word.riangvai,riangvai,needy / poor,,
no_picture_needed,word.rilarah,rila rah,one's own children/offspring,,
no_picture_needed,word.rilru,rilru,mind / spirit,,
no_picture_needed,word.rinawm,rinawm,"trustworthy, reliable",,
no_picture_needed,word.rinawmna,rinawmna,faithfulness; loyalty,,
no_picture_needed,word.ring,ring,"to believe, trust",,
no_picture_needed,word.ringawt,ringawt,only / merely,,
no_picture_needed,word.ringhlel,ringhlel,to suspect,,
no_picture_needed,word.ropui,ropui,great / majestic,,
no_picture_needed,word.ropuina,ropuina,glory/greatness,,
no_picture_needed,word.ropuizia,ropuizia,greatness; dignified stature,,
no_picture_needed,word.rorel,rorel,to rule/govern,,
no_picture_needed,word.ruahmansak,ruahmansak,"to think of, plan, or scheme (something, often for others)",,
no_picture_needed,word.ruai,ruai,rumour / word-of-mouth warning,,
no_picture_needed,word.rual,rûal,rival / opponent (in a contest),,
no_picture_needed,word.rual-2,rual,companion; group that stands together,,
no_picture_needed,word.rualrem,rualrem,harmonious; peaceful (of surroundings),,
no_picture_needed,word.rualthawt,rual ṭhawt,to fly off together (startled),,
no_picture_needed,word.ruang,ruang,"a corpse, dead body",,
no_picture_needed,word.ruangdamna,ruang damna,something that restores/revives the body,,
no_picture_needed,word.rukruk,rûkrûk,"corruption, dishonesty, bribery",,
no_picture_needed,word.sa-2,sâ,"fat, grease",,
no_picture_needed,word.sahmul,sahmul,animal hair/fur (used as decoration on traditional cloth),,
no_picture_needed,word.sahmulphahthla,sahmulphah thla,November (Mizo month),,
no_picture_needed,word.saisir,saisir,"hair (used here as something to climb down by, in a folktale)",,
no_picture_needed,word.sakhming,sakhming,"fame, renown, reputation",,
no_picture_needed,word.sana,Sana,gold,,
no_picture_needed,word.sang,sang,"tall, high",,
no_picture_needed,word.saphai,saphâi,"a spirit-bird, a mythical talking guardian bird",,
no_picture_needed,word.saruak,saruak,unclothed / bare,,
no_picture_needed,word.savate,savate,"small animals, small creatures",,
no_picture_needed,word.sawl,sâwl,"few, scanty",,
no_picture_needed,word.sawrkhur,sawr khur,a deep pit (symbol of trouble/temptation),,
no_picture_needed,word.seh,seh,to bite / sting (insect),,
no_picture_needed,word.sei,sei,long,,
no_picture_needed,word.seilian,sei lian,tall and stately,,
no_picture_needed,word.sena,sêna,"to nag or press persistently (for something, e.g. money)",,
no_picture_needed,word.su,su,to wash (clothes),,
no_picture_needed,word.sualna,sualna,"sin, wrongdoing",,
no_picture_needed,word.suasam,suasam,to destroy / wipe out,,
no_picture_needed,word.sulsutu,sûlsutu,"a torch-bearer, one who carries a pine torch",,
no_picture_needed,word.sumkhawl,sum khawl,savings,,
no_picture_needed,word.sumpung,sum pung,"interest, growth of money",,
no_picture_needed,word.tah,tah,to weave (bamboo or cane),,
no_picture_needed,word.taihmakna-2,taihmâkna,"diligence, perseverance, hard work",,
no_picture_needed,word.taima,taima,diligent; hardworking,,
no_picture_needed,word.tak,tak,"true, real",,
no_picture_needed,word.tam,tam,"many, much",,
no_picture_needed,word.tangkai,tangkai,useful,,
no_picture_needed,word.tankhawh,tan khawh,to begin to realize/notice,,
no_picture_needed,word.tauthla,tâu thla,April (Mizo month),,
no_picture_needed,word.tawi,tawi,short (length),,
no_picture_needed,word.tawntawn,tâwn tâwn,"repeatedly, over and over",,
no_picture_needed,word.tawpintai,tawpintai,regret,,
no_picture_needed,word.tawpsan,tawpsan,"to give up, to abandon",,
no_picture_needed,word.thahnemngai,thahnemngai,compassionate; kind-hearted,,
no_picture_needed,word.tham,thâm,"exhausted, depleted, gone",,
no_picture_needed,word.thangtha,thangtha,good reputation; good name,,
no_picture_needed,word.thangthar,ṭhangthar,"youth, the young generation",,
no_picture_needed,word.thatchhe,thatchhe,to damage/destroy,,
no_picture_needed,word.thatchhia,thatchhia,misbehavior / bad conduct,,
no_picture_needed,word.thatho,thatho,"confident, defiant",,
no_picture_needed,word.thatna,thatna,"goodness, kindness",,
no_picture_needed,word.thatni,thatni,"a day of celebration, a joyous event",,
no_picture_needed,word.thau,thau,"fat, grease, oil",,
no_picture_needed,word.thawhchhuah,thawh chhuah,"income, effort put in",,
no_picture_needed,word.thawhlawm,thawhlawm,"mutual help, cooperative labour",,
no_picture_needed,word.thawhrah,thawh rah,the fruit/result of one's effort,,
no_picture_needed,word.thawhrimna,thawh rimna,"diligence, industriousness",,
no_picture_needed,word.thawipik,thaw ipik,"laziness, procrastination",,
no_picture_needed,word.thawkrim,thawk rim,hard / toilsome labor,,
no_picture_needed,word.theh,theh,to throw/cast,,
no_picture_needed,word.theihnghilh,theihnghilh,to forget,,
no_picture_needed,word.theihpatawp,theihpatawp,"responsibility, duty",,
no_picture_needed,word.theihtawp,theihtawp,one's utmost effort,,
no_picture_needed,word.thelh,thelh,"to spread (e.g. fire, news)",,
no_picture_needed,word.thelh-2,ṭhelh,to spread rapidly (fire/news),,
no_picture_needed,word.themthiam,themthiam,"skilled, competent, expert",,
no_picture_needed,word.thenawm-2,Ṭhenawm,neighbour,,
no_picture_needed,word.thengthaw,thengthaw,cool and pleasant (of a place/climate),,
no_picture_needed,word.thenrual,thenrual,companion / playmate,,
no_picture_needed,word.theuh,theuh,to wrap,,
no_picture_needed,word.thial,thial,"spilled, messy",,
no_picture_needed,word.thiam,thiam,"skilled, clever, able",,
no_picture_needed,word.thiamna,thiamna,skill / talent,,
no_picture_needed,word.thianchhanthihngam,thian chhan thih ngam,one brave enough to die for a friend,,
no_picture_needed,word.thiang,thiang,clean; free from dirt,,
no_picture_needed,word.thianghlim,thianghlim,clean / pure,,
no_picture_needed,word.thianghlimna,thianghlimna,"purity, holiness",,
no_picture_needed,word.thidang,Thidang,"a state of shock, daze, or stupor from fear or a sudden mishap",,
no_picture_needed,word.thilkawm,thilkawm,"stingy, miserly",,
no_picture_needed,word.thiltihtheihna,thiltihtheihna,"ability, capacity",,
no_picture_needed,word.thingchangvar,thingchang var,"""the pre-dawn light"" — cramming or preparing at the very last moment",,
no_picture_needed,word.thinghar,Thing hâr,"a tough, resilient, strong-willed person (idiom, lit. ""hard wood"")",,
no_picture_needed,word.thingtuluang,thingtuluang,a magical rooster in Mizo folktale,,
no_picture_needed,word.thlahthlam,thlahthlam,"to neglect, to fail to care for",,
no_picture_needed,word.thlahtu,thlahtu,descendant; lineage,,
no_picture_needed,word.thlaichhiah,thlaichhiah,a Mim Kut ritual of offering food at the graves of the dead,,
no_picture_needed,word.thlaichhiahna,Thlaichhiahna,a memorial marking or grave-related practice for the deceased,,
no_picture_needed,word.thlakip,thla kip,"every month, monthly",,
no_picture_needed,word.thlamuanna,thlamuanna,"peace, contentment",,
no_picture_needed,word.thlamuanpui,thlamuanpui,to comfort / put at ease,,
no_picture_needed,word.thlangkawrthli,thlangkawr thli,wind blowing from the mountain pass or west,,
no_picture_needed,word.thlarau,thlarau,spirit,,
no_picture_needed,word.thlawk-2,thlâwk,to fly / flutter,,
no_picture_needed,word.thlazing,thlazîng,August (Mizo month),,
no_picture_needed,word.thlem,thlêm,"to soothe, coax",,
no_picture_needed,word.thlemnathli,thlêmna thli,"""wind of temptation"" (figurative: forces that tempt one into wrongdoing)",,
no_picture_needed,word.thlitfimsak,thlit fimsak,to trim/harvest carefully without waste,,
no_picture_needed,word.thothangtha,thothâng tha,to act quickly and effectively,,
no_picture_needed,word.thuai,thuai,"to hoe, till the soil",,
no_picture_needed,word.thuam,thuam,"equipment, gear",,
no_picture_needed,word.thuang,thuang,"to endure, to suffer through",,
no_picture_needed,word.thuawih,thuawih,"obedient, patient",,
no_picture_needed,word.thuawih-2,thu awih,"obedient, compliant",,
no_picture_needed,word.thubuai,thubuai,dispute/quarrel,,
no_picture_needed,word.thuhnuai,thu hnuai,"the underlying meaning, implication",,
no_picture_needed,word.thuhnuairawlh,thuhnuairawlh,"meek, gentle-natured",,
no_picture_needed,word.thuhruk,Thuhrûk,"secret, hidden matter",,
no_picture_needed,word.thukru,thukru,to hide (something),,
no_picture_needed,word.thuneitu,Thuneitu,an authority or official who has decision-making power,,
no_picture_needed,word.thununna,thununna,"correction, discipline",,
no_picture_needed,word.thuphachawi,Thupha chawi,"fortunate, blessed (idiom, lit. ""carrying a blessing"")",,
no_picture_needed,word.thupui,thupui,advice / counsel,,
no_picture_needed,word.thurawn,thurawn,advice; counsel,,
no_picture_needed,word.thutak,thutak,"true, sincere",,
no_picture_needed,word.thutthlengah,thutthlengah,in reality; actually,,
no_picture_needed,word.thuttir,thuttir,"to inspect, examine closely",,
no_picture_needed,word.tial,tial,"spotted, striped",,
no_picture_needed,word.tialtial,tial tial,"gradually, bit by bit",,
no_picture_needed,word.tiaupho,tiaupho,foam/froth from an animal's mouth,,
no_picture_needed,word.tiauvut,ṭiauvut,assorted debris swept together (e.g. by floodwater),,
no_picture_needed,word.tibawlhhlawh,tibawlhhlawh,to pollute/make dirty,,
no_picture_needed,word.tichereu,tichereu,"to make barren, to lay waste",,
no_picture_needed,word.tichhetuah,tichhetuah,to deliberately damage / vandalize,,
no_picture_needed,word.tidur,tidur,"to grow dark / dim (sky, weather)",,
no_picture_needed,word.tiharh,tiharh,"to trouble, burden, make difficult",,
no_picture_needed,word.tihhreh,tih hreh,difficult/troublesome to do,,
no_picture_needed,word.tihkian,tihkian,"to correct, to fix, to rectify",,
no_picture_needed,word.tihlim,tihlim,"to comfort, cheer up",,
no_picture_needed,word.tihmingchhet,tihmingchhet,"to disgrace, to bring shame to one's name",,
no_picture_needed,word.tihsak,tihsak,to help / do a favor for someone,,
no_picture_needed,word.tikhat,tikhat,one-tenth (a fraction),,
no_picture_needed,word.tilawm,tilawm,to make neat and pretty,,
no_picture_needed,word.tinem,tinêm,to comfort / soothe,,
no_picture_needed,word.tithlabar,tithlabâr,"to alarm, cause excessive worry",,
no_picture_needed,word.titi,titi,"hastily, in a rushed/hurried manner",,
no_picture_needed,word.titlem,titlem,"to reduce, to cut down (spending)",,
no_picture_needed,word.tla,tla,to fall,,
no_picture_needed,word.tlabal,tlabal,"bad, evil, wicked",,
no_picture_needed,word.tladah,tladah,trifling; something considered unworthy of notice,,
no_picture_needed,word.tlakbuak,tlakbuak,"to fall short, come up lacking",,
no_picture_needed,word.tlanchhia,tlanchhia,to become lame/limp,,
no_picture_needed,word.tlanchhiatna,tlanchhiatna,a narrow escape from danger,,
no_picture_needed,word.tlawh,tlawh,to visit (esp. someone who is sick),,
no_picture_needed,word.tlawm,tlawm,"humble, modest",,
no_picture_needed,word.tlawm-2,tlâwm,"weak, easily overpowered (in a fight)",,
no_picture_needed,word.tlawmngai,tlawmngai,selfless helpfulness (a core Mizo virtue),,
no_picture_needed,word.tleng,tleng,clean and tidy,,
no_picture_needed,word.tlim,tlim,calm; still (of weather),,
no_picture_needed,word.tluan,tluan,to avoid; to steer clear of,,
no_picture_needed,word.tluklohrimnam,tluk loh rim nam,an unusually powerful or unmistakable smell,,
no_picture_needed,word.tomirthla,tomir thla,May (Mizo month),,
no_picture_needed,word.tualchairual,tual chai rual,one's age-mates/peer group,,
no_picture_needed,word.tuantha,tuan tha,"good behavior, decent conduct",,
no_picture_needed,word.tuar,tuar,"to endure, to suffer",,
no_picture_needed,word.tuautuau,tuau tuau,in a bewildered/confused manner,,
no_picture_needed,word.tuihal,tuihâl,thirsty,,
no_picture_needed,word.tuihnai,tuihnai,thirst-quenching / refreshing,,
no_picture_needed,word.tuihnai-2,tuihnâi,"to crave intensely, eat ravenously",,
no_picture_needed,word.tulhtulh,tulh tulh,"gradually, increasingly",,
no_picture_needed,word.tumruh,tumruh,stubborn / strongly determined,,
no_picture_needed,word.tumruhna,tumruhna,"perseverance, determination",,
no_picture_needed,word.tungkhawm,tung khawm,"to gather, assemble together",,
no_picture_needed,word.tutlawm,tutlawm,"obedient, submissive",,
no_picture_needed,word.u,U,Older sibling,,
no_picture_needed,word.uar,uar,to crave / long for eagerly,,
no_picture_needed,word.uchuak,uchuak,"excessive, beyond what is appropriate",,
no_picture_needed,word.umpha,ûmpha,severely / very badly,,
no_picture_needed,word.vahtir,vahtir,"to release, let go",,
no_picture_needed,word.vamansak,va mansak,to go check on something,,
no_picture_needed,word.vanduaithlak,vanduaithlâk,"unfortunate, disadvantaged",,
no_picture_needed,word.vani-an,vani-an,a marriage vow / betrothal promise,,
no_picture_needed,word.vanneihna,vanneihna,"good fortune, luck",,
no_picture_needed,word.varihaw,varihâw,"a large wild bird, possibly a hornbill",,
no_picture_needed,word.vauthla,vâu thla,March (Mizo month),,
no_picture_needed,word.vawkhniahzawnthla,vawkhniahzawn thla,July (Mizo month),,
no_picture_needed,word.vengtu,vêngtu,shepherd / guardian,,
no_picture_needed,word.vet,vêt,to tuck up (clothing),,
no_picture_needed,word.vui,vûi,"to ripen, head out (of grain)",,
no_picture_needed,word.zah,zah,to respect,,
no_picture_needed,word.zahawm,zahawm,dignified; commanding respect,,
no_picture_needed,word.zahthlak,zahthlâk,shameful,,
no_picture_needed,word.zaktheilo,zak thei lo,"shameless, without shame",,
no_picture_needed,word.zakzum,zakzum,shy / bashful,,
no_picture_needed,word.zam,zâm,"to flee, run away (in fear, especially from battle)",,
no_picture_needed,word.zamualliam,zamual liam,to surpass; to grow beyond expectation,,
no_picture_needed,word.zang,zâng,easy,,
no_picture_needed,word.zangruh,zângruh,a vulnerable or exposed spot (weak point),,
no_picture_needed,word.zar,zar,to spread out (e.g. to dry),,
no_picture_needed,word.zar-2,zâr,to swarm out / spread out densely,,
no_picture_needed,word.zatzat,zat zat,as much as (one likes/is allowed); freely,,
no_picture_needed,word.zau,zau,"wide, spacious",,
no_picture_needed,word.zawi,zâwi,to drag (a limb while walking),,
no_picture_needed,word.zawldawh,zâwldawh,to persuade gently; to calm/soothe with words,,
no_picture_needed,word.zawrhna,Zawrhna,"a selling place (stall/shop, root word)",,
no_picture_needed,word.zelthel,zelthel,"to avoid, keep away from",,
no_picture_needed,word.ziaawm,ziaawm,"praiseworthy, admirable",,
no_picture_needed,word.zim,zim,"quiet, calm",,
no_picture_needed,word.zirtawpni,zirtawpni,Friday (last school day of the week),,
no_picture_needed,word.zuah,zuah,proud / arrogant,,
no_picture_needed,word.zualko,zualko,a customary practice/announcement associated with death,,
no_picture_needed,word.zuang,Zuang,to jump,,
no_picture_needed,word.zuankahlen,zuankahlên,"to race, compete against one another (e.g. swimming)",,
no_picture_needed,word.zuk,zuk,"continuously, on and on",,
no_picture_needed,word.zunleng,zun leng,to sway/wander gently (as a vine in wind),,
