candidate_id,canonical_form,seed_category,tq_level,status,language_review,learning_review,notes,english_gloss,meaning_mizo,example_mizo,difficulty,game_modes,emoji
word.pali,Pali,numbers,TQ0,draft,pending,pending,,Four,Number 4.,,1,spelling|word_search|tawng_upa|crossword,4⃣
word.panga,Panga,numbers,TQ0,draft,pending,pending,,Five,Number 5.,,1,spelling|word_search|tawng_upa|crossword,5⃣
word.paruk,Paruk,numbers,TQ0,draft,pending,pending,,Six,Number 6.,,1,spelling|word_search|tawng_upa|crossword,6⃣
word.pasari,Pasari,numbers,TQ0,draft,pending,pending,,Seven,Number 7.,,1,spelling|word_search|tawng_upa|crossword,7⃣
word.pariat,Pariat,numbers,TQ0,draft,pending,pending,,Eight,Number 8.,,1,spelling|word_search|tawng_upa|crossword,8⃣
word.pakua,Pakua,numbers,TQ0,draft,pending,pending,,Nine,Number 9.,,1,spelling|word_search|tawng_upa|crossword,9⃣
word.sawm,Sawm,numbers,TQ0,draft,pending,pending,,Ten,Number 10.,,1,spelling|word_search|tawng_upa|crossword,🔟
word.sawmkhat,Sawmkhat,numbers,TQ1,draft,pending,pending,VERIFY: confirm compound form/spelling; NO_EMOJI: no clean single glyph for 11 -- needs custom illustration or compound display Provisional: not yet grade-verified against Kumtluang curriculum (2026-09-16).,Eleven,Number 11.,,2,"spelling,tawng_upa,crossword",
word.sawmhnih,Sawmhnih,numbers,TQ1,draft,pending,pending,VERIFY: confirm compound form/spelling; NO_EMOJI: no clean single glyph for 20 -- needs custom illustration or compound display Provisional: not yet grade-verified against Kumtluang curriculum (2026-09-16).,Twenty,Number 20.,,2,"spelling,tawng_upa,crossword",
word.za,Za,numbers,TQ1,draft,pending,pending,VERIFY: confirm standalone usage vs compound Provisional: not yet grade-verified against Kumtluang curriculum (2026-09-16).,Hundred,Number 100.,,2,"spelling,tawng_upa,crossword",💯
word.sen,Sen,colors,TQ0,draft,pending,pending,,Red,Rawng chi khat.,He rawng hi sen a ni.,1,picture_match|spelling|word_search|tawng_upa|crossword|thumal_kawp|sentence_builder,🔴
word.var,Var,colors,TQ0,draft,pending,pending,,White,Rawng chi khat.,He rawng hi var a ni.,1,picture_match|spelling|word_search|tawng_upa|crossword|thumal_kawp|sentence_builder,⚪
word.dum,Dum,colors,TQ0,draft,pending,pending,,Black,Rawng chi khat.,He rawng hi dum a ni.,1,picture_match|spelling|word_search|tawng_upa|crossword|thumal_kawp|sentence_builder,⚫
word.hring,Hring,colors,TQ1,draft,pending,pending,VERIFY: hring also means raw/unripe; confirm color sense is natural usage tq_level confirmed TQ1 by Kumtluang curriculum cross-reference (2026-09-16).,Green,Rawng chi khat.,He rawng hi hring a ni.,2,picture_match|spelling|word_search|tawng_upa|crossword|thumal_kawp|sentence_builder,🟢
word.lieng,Lieng,colors,TQ1,draft,pending,pending,VERIFY: confirm exact word/spelling for blue Provisional: not yet grade-verified against Kumtluang curriculum (2026-09-16).,Blue,Rawng chi khat.,He rawng hi lieng a ni.,2,picture_match|spelling|word_search|tawng_upa|crossword|thumal_kawp|sentence_builder,🔵
word.eng,Eng,colors,TQ1,draft,pending,pending,VERIFY (low confidence): eng usually means light/shine -- confirm real word for yellow tq_level confirmed TQ1 by Kumtluang curriculum cross-reference (2026-09-16).,Yellow,Rawng chi khat.,He rawng hi eng a ni.,2,picture_match|spelling|word_search|tawng_upa|crossword|thumal_kawp|sentence_builder,🟡
word.lu,Lu,body,TQ0,draft,pending,pending,NO_EMOJI: no isolated head glyph -- needs custom illustration,Head,Kan taksa chhiah pakhat.,He hi lu a ni.,1,picture_match|spelling|word_search|tawng_upa|crossword|thumal_kawp|sentence_builder,
word.mit,Mit,body,TQ0,draft,pending,pending,,Eye,Kan taksa chhiah pakhat.,He hi mit a ni.,1,picture_match|spelling|word_search|tawng_upa|crossword|thumal_kawp|sentence_builder,👁️
word.hna,Hna,body,TQ0,draft,pending,pending,Homonym of hna (=work); different sense_key,Ear,Kan taksa chhiah pakhat.,He hi hna a ni.,1,picture_match|spelling|word_search|tawng_upa|crossword|thumal_kawp|sentence_builder,👂
word.hnar,Hnar,body,TQ0,draft,pending,pending,,Nose,Kan taksa chhiah pakhat.,He hi hnar a ni.,1,picture_match|spelling|word_search|tawng_upa|crossword|thumal_kawp|sentence_builder,👃
word.kut,Kut,body,TQ0,draft,pending,pending,,Hand,Kan taksa chhiah pakhat.,He hi kut a ni.,1,picture_match|spelling|word_search|tawng_upa|crossword|thumal_kawp|sentence_builder,✋
word.ke,Ke,body,TQ0,draft,pending,pending,,Leg / foot,Kan taksa chhiah pakhat.,He hi ke a ni.,1,picture_match|spelling|word_search|tawng_upa|crossword|thumal_kawp|sentence_builder,🦵
word.ha,Ha,body,TQ0,draft,pending,pending,,Tooth,Kan taksa chhiah pakhat.,He hi ha a ni.,1,picture_match|spelling|word_search|tawng_upa|crossword|thumal_kawp|sentence_builder,🦷
word.sam,Sam,body,TQ0,draft,pending,pending,NO_EMOJI: no isolated hair glyph -- needs custom illustration,Hair,Kan taksa chhiah pakhat.,He hi sam a ni.,1,picture_match|spelling|word_search|tawng_upa|crossword|thumal_kawp|sentence_builder,
word.hmai,Hmai,body,TQ0,draft,pending,pending,"Rough placeholder only (generic smiley, not literally 'face') -- consider custom illustration",Face,Kan taksa chhiah pakhat.,He hi hmai a ni.,1,picture_match|spelling|word_search|tawng_upa|crossword|thumal_kawp|sentence_builder,😊
word.taksa,Taksa,body,TQ1,draft,pending,pending,Rough generic placeholder -- consider custom illustration tq_level confirmed TQ1 by Kumtluang curriculum cross-reference (2026-09-16).,Body,Kan pumhlim.,He hi taksa a ni.,2,picture_match|spelling|word_search|tawng_upa|crossword|thumal_kawp|sentence_builder,🧍
word.kam,Kam,body,TQ1,draft,pending,pending,VERIFY (moderate confidence): confirm standard word for mouth Provisional: not yet grade-verified against Kumtluang curriculum (2026-09-16).,Mouth,Kan taksa chhiah pakhat.,He hi kam a ni.,2,picture_match|spelling|word_search|tawng_upa|crossword|thumal_kawp|sentence_builder,👄
word.chibai,Chibai,greetings,TQ0,draft,pending,pending,Traditional Mizo greeting,Hello / greetings,Inhmuh laia thu sawi dan.,"Chibai, i dam em?",1,"sentence_builder,tawng_upa,crossword",👋
word.lawmthu,Lawmthu,greetings,TQ0,draft,pending,pending,Rough placeholder -- consider custom illustration for a clearer 'thank you' gesture,Thank you / gratitude,Lawm nazia sawina thu.,Lawmthu ka hria.,1,spelling|sentence_builder|tawng_upa|crossword,🙏
word.ngaihdam,Ngaihdam,greetings,TQ6,draft,pending,pending,tq_level remapped 2026-09-16: was TQ1 -> TQ6 per Kumtluang curriculum cross-reference.,Sorry / forgiveness,Sual palh laia sawi tur thu.,Ngaihdam ka ti che.,2,spelling|sentence_builder|tawng_upa|crossword,🙇
word.dam,Dam,greetings,TQ0,draft,pending,pending,Rough placeholder -- consider custom illustration,Well / healthy,Damna leh hriselna sawina.,I dam em?,1,"spelling,tawng_upa,crossword,sentence_builder",💪
word.tawngtai,Tawngtai,greetings,TQ1,draft,pending,pending,Provisional: not yet grade-verified against Kumtluang curriculum (2026-09-16).,Prayer / blessing,Pathian hnena thu sawi dan.,Kan tawngtai ang u.,2,"spelling,tawng_upa,crossword,sentence_builder",🙏
word.khawngaihna,Khawngaihna,greetings,TQ6,draft,pending,pending,Rough placeholder -- consider custom illustration tq_level remapped 2026-09-16: was TQ1 -> TQ6 per Kumtluang curriculum cross-reference.,Mercy / kindness,Mi dang ngaihsakna leh khawngaihna.,Khawngaihna kan neih tur a ni.,2,"spelling,tawng_upa,crossword,sentence_builder",🤝
word.lungawi,Lungawi,feelings,TQ0,draft,pending,pending,,Happy / pleased,Rilru lawmna put dan.,Ka lungawi.,1,spelling|sentence_builder|tawng_upa|crossword,😄
word.lungngai,Lungngai,feelings,TQ2,draft,pending,pending,tq_level remapped 2026-09-16: was TQ1 -> TQ2 per Kumtluang curriculum cross-reference.,Miss (someone) / longing,Mi emaw hnenah ngaihtuah tlat dan.,Ka nu ka lungngai.,2,spelling|sentence_builder|tawng_upa|crossword,🥺
word.hlau,Hlau,feelings,TQ0,draft,pending,pending,,Afraid / scared,Hlauhna rilru put dan.,Ka hlau.,1,spelling|sentence_builder|tawng_upa|crossword,😨
word.thinur,Thinur,feelings,TQ1,draft,pending,pending,VERIFY: confirm spelling/register Provisional: not yet grade-verified against Kumtluang curriculum (2026-09-16).,Angry,Thinrim rilru put dan.,A thinur.,2,spelling|sentence_builder|tawng_upa|crossword,😠
word.lawm,Lawm,feelings,TQ0,draft,pending,pending,,Glad / thankful,Lawmna rilru put dan.,Ka lawm e.,1,spelling|sentence_builder|tawng_upa|crossword,😊
word.ngaih,Ngaih,feelings,TQ1,draft,pending,pending,Provisional: not yet grade-verified against Kumtluang curriculum (2026-09-16).,To love / care for,Hmangaihna leh ngaihsakna.,Ka ngaih che.,2,spelling|sentence_builder|tawng_upa|crossword,🥰
word.chau,Chau,feelings,TQ3,draft,pending,pending,VERIFY: confirm standard word for tired tq_level remapped 2026-09-16: was TQ1 -> TQ3 per Kumtluang curriculum cross-reference.,Tired,Chakna bo dan.,Ka chau tawh.,2,spelling|sentence_builder|tawng_upa|crossword,😩
word.u,U,family,TQ2,draft,pending,pending,"VERIFY: single-letter form; confirm searchable/orthography handling; NO_EMOJI: sibling terms need custom illustration, not a generic person glyph; picture_match dropped: a picture cannot visually distinguish a kinship-relation word from a generic person/couple -- keep to spelling/word_search/listen_pick tq_level remapped 2026-09-16: was TQ1 -> TQ2 per Kumtluang curriculum cross-reference.",Older sibling,"Chhungkua member, upa zawk unaupa/unaunu.",Ka u chu a sang.,2,spelling|word_search|tawng_upa|crossword|sentence_builder,
word.pasal,Pasal,family,TQ1,draft,pending,pending,Rough placeholder -- consider custom illustration Provisional: not yet grade-verified against Kumtluang curriculum (2026-09-16).,Husband,Nupui neitu mipa.,Ka pasal a thawk.,2,picture_match|spelling|word_search|tawng_upa|crossword|thumal_kawp|sentence_builder,🤵
word.nupui,Nupui,family,TQ1,draft,pending,pending,Rough placeholder -- consider custom illustration Provisional: not yet grade-verified against Kumtluang curriculum (2026-09-16).,Wife,Pasal neitu hmeichhia.,Ka nupui a fel.,2,picture_match|spelling|word_search|tawng_upa|crossword|thumal_kawp|sentence_builder,👰
word.nupa,Nupa,family,TQ1,draft,pending,pending,Provisional: not yet grade-verified against Kumtluang curriculum (2026-09-16).,Married couple,Pasal leh nupui.,Nupa an in hmangaih.,2,picture_match|spelling|word_search|tawng_upa|crossword|thumal_kawp|sentence_builder,💑
word.chhungte,Chhungte,family,TQ1,draft,pending,pending,Provisional: not yet grade-verified against Kumtluang curriculum (2026-09-16).,Family members,In khat chhunga awm te.,Kan chhungte kan hmangaih.,2,picture_match|spelling|word_search|tawng_upa|crossword|thumal_kawp|sentence_builder,👨‍👩‍👧‍👦
word.tu,Tu,family,TQ2,draft,pending,pending,"VERIFY: single syllable, homonym-heavy; confirm sense disambiguation; Rough placeholder -- consider custom illustration Provisional: not yet grade-verified against Kumtluang curriculum (2026-09-16).",Grandchild,Fapa/fanu fa.,Ka tu a nau.,2,picture_match|spelling|word_search|tawng_upa|crossword|thumal_kawp|sentence_builder,👶
word.makpa,Makpa,family,TQ2,draft,pending,pending,VERIFY (lower confidence): confirm exact term; NO_EMOJI: needs custom illustration distinct from Pasal/husband; picture_match dropped: same reasoning as word.u -- kinship-relation words aren't visually disambiguable Provisional: not yet grade-verified against Kumtluang curriculum (2026-09-16).,Son-in-law,Fanu pasal.,Ka makpa a thra.,3,"spelling,tawng_upa,crossword,sentence_builder",
word.monu,Monu,family,TQ2,draft,pending,pending,VERIFY (lower confidence): confirm exact term; NO_EMOJI: needs custom illustration distinct from Nupui/wife; picture_match dropped: same reasoning as word.u -- kinship-relation words aren't visually disambiguable Provisional: not yet grade-verified against Kumtluang curriculum (2026-09-16).,Daughter-in-law,Fapa nupui.,Ka monu a fel.,3,"spelling,tawng_upa,crossword,sentence_builder",
word.hmarcha,Hmarcha,food,TQ1,draft,pending,pending,Provisional: not yet grade-verified against Kumtluang curriculum (2026-09-16).,Chili pepper,"Ei bawl hlawh chi khat, a hai.",Hmarcha hi a hai hle.,2,picture_match|spelling|word_search|tawng_upa|crossword|thumal_kawp|sentence_builder,🌶️
word.bekang,Bekang,food,TQ1,draft,pending,pending,Culturally distinctive item; cultural_review_required=true; NO_EMOJI: culturally distinctive food with no Unicode equivalent -- HIGH PRIORITY custom illustration Provisional: not yet grade-verified against Kumtluang curriculum (2026-09-16).,Fermented soybean,Mizo chaw bawl hmanraw chi khat.,Bekang hi Mizo ei ṭha a ni.,2,picture_match|spelling|word_search|tawng_upa|crossword|thumal_kawp|sentence_builder,
word.sawhchiar,Sawhchiar,food,TQ3,draft,pending,pending,Culturally distinctive item; cultural_review_required=true; NO_EMOJI: culturally distinctive food with no Unicode equivalent -- HIGH PRIORITY custom illustration tq_level remapped 2026-09-16: was TQ1 -> TQ3 per Kumtluang curriculum cross-reference.,Traditional rice dish,Mizo chaw chi khat.,Sawhchiar chu Mizo chaw a ni.,2,picture_match|spelling|word_search|tawng_upa|crossword|thumal_kawp|sentence_builder,
word.vawksa,Vawksa,food,TQ1,draft,pending,pending,Provisional: not yet grade-verified against Kumtluang curriculum (2026-09-16).,Pork,Vawk sa.,Vawksa kan ei.,2,picture_match|spelling|word_search|tawng_upa|crossword|thumal_kawp|sentence_builder,🥓
word.arsa,Arsa,food,TQ1,draft,pending,pending,Provisional: not yet grade-verified against Kumtluang curriculum (2026-09-16).,Chicken meat,Ar sa.,Arsa kan ei.,2,picture_match|spelling|word_search|tawng_upa|crossword|thumal_kawp|sentence_builder,🍗
word.sil,Sil,daily-life,TQ0,draft,pending,pending,,Bathe / wash,In silfai dan.,Ka sil.,1,spelling|word_chain|sentence_builder|tawng_upa|crossword,🚿
word.chhuah,Chhuah,daily-life,TQ0,draft,pending,pending,Rough placeholder -- consider custom illustration,Go out / leave,Hmun chhuahsan dan.,Ka chhuah.,1,spelling|word_chain|sentence_builder|tawng_upa|crossword,🚶
word.lut,Lut,daily-life,TQ0,draft,pending,pending,,Enter,Hmun luh dan.,Ka lut.,1,spelling|word_chain|sentence_builder|tawng_upa|crossword,🚪
word.rawn,Rawn,daily-life,TQ0,draft,pending,pending,Rough placeholder -- consider custom illustration,Come,Lam thlen dan.,Rawn kal rawh.,1,spelling|word_chain|sentence_builder|tawng_upa|crossword,🏃
word.awm,Awm,daily-life,TQ0,draft,pending,pending,Already used inside chainDictionary; keep sense consistent; NO_EMOJI: abstract existential verb -- not a picture-match candidate; keep to listen_pick/spelling/word_chain only,Stay / exist / be,Awmna sawina.,In-ah ka awm.,1,spelling|word_chain|sentence_builder|tawng_upa|crossword,
word.kum,Kum,time,TQ0,draft,pending,pending,,Year,Kum khat chhung.,He kum hi a hlim.,1,picture_match|spelling|word_search|tawng_upa|crossword|thumal_kawp|sentence_builder,📅
word.kar,Kar,time,TQ1,draft,pending,pending,VERIFY: confirm exact sense (week vs generic interval) Provisional: not yet grade-verified against Kumtluang curriculum (2026-09-16).,Week / interval,Hun chhung tê khat.,Kar khat chhung.,2,spelling|word_search|tawng_upa|crossword|sentence_builder,🗓️
word.hun,Hun,time,TQ0,draft,pending,pending,,Time,Hun sawina awlsam.,Hun a la awm.,1,spelling|word_search|tawng_upa|crossword|sentence_builder,⏰
word.ruah,Ruah,nature,TQ0,draft,pending,pending,,Rain,Van aṭanga tui tla.,Ruah a sur.,1,picture_match|spelling|word_search|tawng_upa|crossword|thumal_kawp|sentence_builder,🌧️
word.thlipui,Thlipui,nature,TQ1,draft,pending,pending,Provisional: not yet grade-verified against Kumtluang curriculum (2026-09-16).,Wind,Thli nasa tak.,Thlipui a tho.,2,picture_match|spelling|word_search|tawng_upa|crossword|thumal_kawp|sentence_builder,💨
word.vur,Vur,nature,TQ1,draft,pending,pending,VERIFY: confirm spelling Provisional: not yet grade-verified against Kumtluang curriculum (2026-09-16).,Cloud,Van chunga zar mi.,Vur a lang.,2,picture_match|spelling|word_search|tawng_upa|crossword|thumal_kawp|sentence_builder,☁️
word.sik,Sik,nature,TQ0,draft,pending,pending,,Cold,Chhum lohna.,A sik hle.,1,spelling|sentence_builder|tawng_upa|crossword,🥶
word.lum,Lum,nature,TQ0,draft,pending,pending,,Hot,Chhum tak.,A lum hle.,1,spelling|sentence_builder|tawng_upa|crossword,🥵
word.hmar,Hmar,nature,TQ1,draft,pending,pending,Rough placeholder (generic arrow) -- consider a compass-style custom illustration Provisional: not yet grade-verified against Kumtluang curriculum (2026-09-16).,North,Lam kawng khat.,Hmar lam.,2,spelling|word_search|tawng_upa|crossword,⬆️
word.chhim,Chhim,nature,TQ1,draft,pending,pending,Rough placeholder (generic arrow) -- consider a compass-style custom illustration Provisional: not yet grade-verified against Kumtluang curriculum (2026-09-16).,South,Lam kawng khat.,Chhim lam.,2,spelling|word_search|tawng_upa|crossword,⬇️
word.mei,Mei,home,TQ0,draft,pending,pending,,Fire,Chaw bawl leh chhum tur.,Mei a kang.,1,picture_match|spelling|word_search|tawng_upa|crossword|thumal_kawp|sentence_builder,🔥
word.puan,Puan,home,TQ1,draft,pending,pending,Culturally significant item; cultural_review_required=true; NO_EMOJI: culturally significant woven cloth with no Unicode equivalent -- HIGH PRIORITY custom illustration tq_level confirmed TQ1 by Kumtluang curriculum cross-reference (2026-09-16).,Cloth / traditional woven cloth,Mizo puan zâr hmanraw.,Puan mawi tak a ni.,2,picture_match|spelling|word_search|tawng_upa|crossword|thumal_kawp|sentence_builder,
word.kawr,Kawr,home,TQ0,draft,pending,pending,,Shirt / clothing,Kan silh thil.,Kawr thar ka neih.,1,picture_match|spelling|word_search|tawng_upa|crossword|thumal_kawp|sentence_builder,👕
word.dar,Dar,home,TQ1,draft,pending,pending,VERIFY: confirm sense (clock vs bell vs generic metal) Provisional: not yet grade-verified against Kumtluang curriculum (2026-09-16).,Clock / bell,Hun enna thil.,Dar a beng.,2,picture_match|spelling|word_search|tawng_upa|crossword|thumal_kawp|sentence_builder,🕐
word.sum,Sum,home,TQ4,draft,pending,pending,tq_level remapped 2026-09-16: was TQ1 -> TQ4 per Kumtluang curriculum cross-reference.,Money,Thil lei nana hman.,Sum ka nei lo.,2,picture_match|spelling|word_search|tawng_upa|crossword|thumal_kawp|sentence_builder,💰
word.hnathawk,Hnathawk,home,TQ1,draft,pending,pending,Provisional: not yet grade-verified against Kumtluang curriculum (2026-09-16).,Work / job,Ni tin thawh hna.,Hnathawk ka va thawk.,2,spelling|word_search|sentence_builder|tawng_upa|crossword,💼
word.kawng,Kawng,home,TQ0,draft,pending,pending,,Road / way,Kal na hmun.,Kawng chu a zau.,1,picture_match|spelling|word_search|tawng_upa|crossword|thumal_kawp|sentence_builder,🛣️
word.khua,Khua,home,TQ2,draft,pending,pending,tq_level remapped 2026-09-16: was TQ1 -> TQ2 per Kumtluang curriculum cross-reference.,Village / place,Mi awmna hmun.,Ka khua ka hmangaih.,2,picture_match|spelling|word_search|tawng_upa|crossword|thumal_kawp|sentence_builder,🏘️
word.sazu,Sazu,animals,TQ1,draft,pending,pending,tq_level confirmed TQ1 by Kumtluang curriculum cross-reference (2026-09-16).,Rat / mouse,Ramsa chi khat.,Sazu chu a tlan chak.,2,picture_match|spelling|word_search|tawng_upa|crossword|thumal_kawp|sentence_builder,🐀
word.sakawr,Sakawr,animals,TQ1,draft,pending,pending,VERIFY: confirm spelling Provisional: not yet grade-verified against Kumtluang curriculum (2026-09-16).,Horse,"Ramsa lian, mi chhawr tur.",Sakawr chu a tlan chak.,2,picture_match|spelling|word_search|tawng_upa|crossword|thumal_kawp|sentence_builder,🐎
word.mizo,Mizo,people,TQ0,draft,pending,pending,"Identity-sensitive; route to culture reviewer, not language reviewer alone; NO_EMOJI: identity term -- do not use a generic/flag emoji; route to culture reviewer for the right visual treatment",Mizo (the people/identity),Hnam hming.,Kei Mizo ka ni.,1,spelling|sentence_builder|tawng_upa|crossword,
word.hmuh,Hmuh,actions,TQ0,draft,pending,pending,,See / find,Mit hmanga hriat dan.,Ka hmuh.,1,spelling|word_chain|sentence_builder|tawng_upa|crossword,👀
word.ngaihtuah,Ngaihtuah,actions,TQ3,draft,pending,pending,tq_level remapped 2026-09-16: was TQ1 -> TQ3 per Kumtluang curriculum cross-reference.,Think,Rilru hmanga ngaihtuah dan.,Ka ngaihtuah.,2,spelling|sentence_builder|tawng_upa|crossword,🤔
word.thlir,Thlir,actions,TQ0,draft,pending,pending,,Look at,Mit hmanga en dan.,Ka thlir.,1,spelling|word_chain|sentence_builder|tawng_upa|crossword,🔍
word.hril,Hril,actions,TQ0,draft,pending,pending,,Tell,Thu sawi dan.,Ka hril.,1,spelling|word_chain|sentence_builder|tawng_upa|crossword,🗣️
