stable_id,word,english_gloss,kind,suggestion,reviewer_ok (yes/no)
word.chah,chah,"to hurt or injure (someone), often by accident",emoji,🤕,yes
word.chak-2,chak,strong / powerful,emoji,💪,yes
word.chatuan,chatuan,eternal / forever,emoji,♾️,yes
word.chawm-2,châwm,to nurture / care for / feed,emoji,🧑‍🍼,yes
word.chhem-2,chhêm,to set fire to / burn (deliberately),emoji,🔥,yes
word.chhuang,chhuang,to praise/compliment,emoji,🙌,yes
word.chun,chûn,"evening, dusk",emoji,🌆,yes
word.dawhthleng,dawhthlêng,"lazy, slovenly (person)",emoji,🦥,yes
word.dawm,dawm,"to shelter, protect",emoji,🛖,yes
word.dial,dial,"joyful, cheerful",emoji,😀,yes
word.harhvang,harhvang,danger; threat (to health/safety),emoji,⚠️,yes
word.hausa,hausa,rich,emoji,💰,yes
word.hlauhawm,hlauhawm,dangerous / frightening,emoji,⚠️,yes
word.hlimna,hlimna,"joy, happiness",emoji,😄,yes
word.hrekhrek,hrek hrek,"trembling, shaking",emoji,🫨,yes
word.hruikhau-2,hruikhau,cord or rope used to fasten woven items,emoji,🪢,yes
word.kawmchar,kawmchâr,the wall or side of a house,emoji,🧱,yes
word.khawk,khâwk,to roar (of an animal),emoji,🦁,yes
word.khawrh,khawrh,fishing bait / trap,emoji,🪤,yes
word.kimtlang,kîmtlang,complete; whole,emoji,✅,yes
word.lalpa,lalpa,chief; local ruler,emoji,👑,yes
word.lunghlu,lunghlu,treasure; something precious,emoji,💎,yes
word.lungkham,lungkham,"sorrow, worry",emoji,😟,yes
word.mipui,Mipui,the public / a crowd of people,emoji,👥,yes
word.nalh,nalh,"pleasant, delicious",emoji,😋,yes
word.ngaihsam,ngaihsam,indifference; disregard,emoji,🤷,yes
word.ngaihtuahna,ngaihtuahna,thought / consideration,emoji,💭,yes
word.nikir,nikir,mid-year monsoon rain,emoji,🌧️,yes
word.paukhauh,paukhauh,deaf,emoji,🧏,yes
word.phawk,phâwk,"to worry, be anxious",emoji,😟,yes
word.phu,phu,to blow / pant hard,emoji,😮‍💨,yes
word.rang,rang,"fast, quick",emoji,🏃,yes
word.remna,remna,peace,emoji,☮️,yes
word.sichangneii,sichangneii,a fairy/spirit maiden of folklore,emoji,🧚,yes
word.talh,talh,to lie/deceive,emoji,🤥,yes
word.thal-2,thal,"strong, sturdy, resilient",emoji,💪,yes
word.thlamuan,thlamuan,to comfort,emoji,🫂,yes
word.thlamuang,thlamuang,peaceful / calm,emoji,😌,yes
word.thlang,thlang,"west (direction, in this context)",emoji,⬅️,yes
word.thui,thui,to tie / fasten,emoji,🪢,yes
word.tlai-2,tlai,late,emoji,⏰,yes
word.tlangau,tlangau,"a village crier, a traditional town announcer",emoji,📢,yes
word.tlem,tlêm,"few, little",emoji,🤏,yes
word.to,ṭo,"to sprout, grow",emoji,🌱,yes
word.vak,vak,to fly (bird/insect),emoji,🪽,yes
word.sahmim,sahmîm,a blanket/quilt made from animal fur,icon,game-icons:blanket,yes
word.leimin,lei min,"landslide, soil erosion",icon,mdi:landslide,yes
word.hnathial,hnathial,"tongs, pincers",icon,game-icons:pincers,yes
word.kaina,kaina,a garden fence/hedge boundary,icon,game-icons:wooden-fence,yes
