id,stable_id,title,review_url,seed_category,source_title,notes
1298,word.aieng,aieng,http://localhost:3000/editorial/content_items/1298,food,Kumtluang Class I-VII (SCERT Mizoram) — cross-referenced vocabulary extraction,Source: Kumtluang Class V (SCERT Mizoram). VERIFY: Traditional-medicine plant name; exact botanical identity not independently confirmed — verify with a native speaker/ethnobotanist.
818,word.aletlingakhaiang,a letlinga khai ang,http://localhost:3000/editorial/content_items/818,idiom,Kumtluang Class I-VII (SCERT Mizoram) — cross-referenced vocabulary extraction,"Source: Kumtluang Class VI (SCERT Mizoram) VERIFY: idiom translated by sense, not verbatim; confirm nuance with fluent speaker."
1365,word.anhling,Anhling,http://localhost:3000/editorial/content_items/1365,food,Kumtluang Class I-VII (SCERT Mizoram) — cross-referenced vocabulary extraction,Source: Kumtluang Class VI (SCERT Mizoram). VERIFY: uncertain exact species; identified only from the lesson's illustrated description of a clustered purple fruit.
1156,word.antam,anṭam,http://localhost:3000/editorial/content_items/1156,animals,Kumtluang Class I-VII (SCERT Mizoram) — cross-referenced vocabulary extraction,"Source: Kumtluang Class III (SCERT Mizoram). VERIFY: spelling/diacritics uncertain; confirm standard Mizo word for caterpillar. VERIFY spelling-variant: also found as class3:word.antam='anṭam'(K3), class6:word.antam='Antam'(K6), vartian:word.antam='Anṭam'(TQ0) — confirm distinct words or same word/typo."
1157,word.antam-2,Antam,http://localhost:3000/editorial/content_items/1157,food,Kumtluang Class I-VII (SCERT Mizoram) — cross-referenced vocabulary extraction,"Source: Kumtluang Class VI (SCERT Mizoram). VERIFY: uncertain of the exact species this leafy vegetable refers to. VERIFY spelling-variant: also found as class3:word.antam='anṭam'(K3), class6:word.antam='Antam'(K6), vartian:word.antam='Anṭam'(TQ0) — confirm distinct words or same word/typo."
1609,word.antam-3,Anṭam,http://localhost:3000/editorial/content_items/1609,food,Vartian (Mizo literacy primer) — vocabulary extraction,"Source: Ujaas (Vartian) Part-1, SCERT Mizoram adult literacy primer. VERIFY spelling-variant: also found as class3:word.antam='anṭam'(K3), class6:word.antam='Antam'(K6), vartian:word.antam='Anṭam'(TQ0) — confirm distinct words or same word/typo."
1359,word.anthur,Anthûr,http://localhost:3000/editorial/content_items/1359,nature,Kumtluang Class I-VII (SCERT Mizoram) — cross-referenced vocabulary extraction,Source: Kumtluang Class VI (SCERT Mizoram). VERIFY: uncertain exact flower species; identified only from the lesson's illustration.
1357,word.artukkhuan,Artukkhuan,http://localhost:3000/editorial/content_items/1357,nature,Kumtluang Class I-VII (SCERT Mizoram) — cross-referenced vocabulary extraction,Source: Kumtluang Class VI (SCERT Mizoram). VERIFY: exact botanical identity uncertain; identified only from the lesson's illustrated description (pale/pink night-blooming flower).
830,word.aserhzingaameiang,a serh zinga a mei ang,http://localhost:3000/editorial/content_items/830,idiom,Kumtluang Class I-VII (SCERT Mizoram) — cross-referenced vocabulary extraction,Source: Kumtluang Class VI (SCERT Mizoram) VERIFY: idiom translated by sense; confirm nuance with fluent speaker.
1678,word.aurinna,Au rinna,http://localhost:3000/editorial/content_items/1678,objects,Vartian (Mizo literacy primer) — vocabulary extraction,"Source: Ujaas (Vartian) Part-1, SCERT Mizoram adult literacy primer. VERIFY exact scope (microphone vs. megaphone/loudspeaker)."
819,word.avawtuinekacheh,a vawtuin êk a cheh,http://localhost:3000/editorial/content_items/819,idiom,Kumtluang Class I-VII (SCERT Mizoram) — cross-referenced vocabulary extraction,Source: Kumtluang Class VI (SCERT Mizoram) VERIFY: idiom translated by sense; confirm nuance with fluent speaker.
1146,word.awllen,âwllên,http://localhost:3000/editorial/content_items/1146,time,Kumtluang Class I-VII (SCERT Mizoram) — cross-referenced vocabulary extraction,Source: Kumtluang Class III (SCERT Mizoram). VERIFY: gloss inferred from a Mizo calendar/seasons description.
1438,word.bal-2,bâl,http://localhost:3000/editorial/content_items/1438,values,Kumtluang Class I-VII (SCERT Mizoram) — cross-referenced vocabulary extraction,Source: Kumtluang Class VII (SCERT Mizoram). VERIFY: context-specific meaning (blemish/stain); word can also mean numbness elsewhere. VERIFY possible duplicate: diacritic-variant of existing word 'Bal' already in corpus — confirm same word or distinct before import.
1106,word.bawhtir,bawhtîr,http://localhost:3000/editorial/content_items/1106,verbs,Kumtluang Class I-VII (SCERT Mizoram) — cross-referenced vocabulary extraction,"Source: Kumtluang Class II (SCERT Mizoram). VERIFY: gloss (to make an animal lie down and rest) inferred from a Psalm-23-style poem context, confirm before use."
1307,word.behlawi,behlawi,http://localhost:3000/editorial/content_items/1307,food,Kumtluang Class I-VII (SCERT Mizoram) — cross-referenced vocabulary extraction,Source: Kumtluang Class V (SCERT Mizoram). VERIFY: Traditional-medicine plant name; exact botanical identity not independently confirmed — verify with a native speaker/ethnobotanist.
1651,word.belthleng,Belthleng,http://localhost:3000/editorial/content_items/1651,food,Vartian (Mizo literacy primer) — vocabulary extraction,"Source: Ujaas (Vartian) Part-1, SCERT Mizoram adult literacy primer. VERIFY exact identification."
1657,word.berul,Berul,http://localhost:3000/editorial/content_items/1657,objects,Vartian (Mizo literacy primer) — vocabulary extraction,"Source: Ujaas (Vartian) Part-1, SCERT Mizoram adult literacy primer. VERIFY exact meaning and traditional usage."
788,word.boralsan,boralsan,http://localhost:3000/editorial/content_items/788,verbs,Kumtluang Class I-VII (SCERT Mizoram) — cross-referenced vocabulary extraction,"Source: Kumtluang Class VI (SCERT Mizoram) VERIFY: respectful death term, route to human culture reviewer for appropriate tone."
1165,word.buak,buak,http://localhost:3000/editorial/content_items/1165,verbs,Kumtluang Class I-VII (SCERT Mizoram) — cross-referenced vocabulary extraction,Source: Kumtluang Class III (SCERT Mizoram). VERIFY: confirm precise verb sense (to spill vs to scatter).
1018,word.bul,bul,http://localhost:3000/editorial/content_items/1018,nature,Kumtluang Class I-VII (SCERT Mizoram) — cross-referenced vocabulary extraction,Source: Kumtluang Class I (SCERT Mizoram). VERIFY: standalone sense (base/stump vs origin) is uncertain from limited context.
1619,word.bulbawk,Bulbawk,http://localhost:3000/editorial/content_items/1619,food,Vartian (Mizo literacy primer) — vocabulary extraction,"Source: Ujaas (Vartian) Part-1, SCERT Mizoram adult literacy primer. VERIFY: exact species/local variety unconfirmed."
1262,word.bullut,bullut,http://localhost:3000/editorial/content_items/1262,animals,Kumtluang Class I-VII (SCERT Mizoram) — cross-referenced vocabulary extraction,Source: Kumtluang Class IV (SCERT Mizoram). VERIFY: species identity uncertain (named in a bird-categorisation exercise).
1284,word.chah,chah,http://localhost:3000/editorial/content_items/1284,verbs,Kumtluang Class I-VII (SCERT Mizoram) — cross-referenced vocabulary extraction,Source: Kumtluang Class V (SCERT Mizoram). VERIFY: Gloss inferred from context (mi chah nasa thei lutuk); double-check precise shade of meaning vs. related verbs.
1525,word.chaldar,chaldâr,http://localhost:3000/editorial/content_items/1525,body_parts,Kumtluang Class I-VII (SCERT Mizoram) — cross-referenced vocabulary extraction,"Source: Kumtluang Class VII (SCERT Mizoram). VERIFY: exact anatomical meaning uncertain, inferred from hunting context."
1183,word.chang,chang,http://localhost:3000/editorial/content_items/1183,abstract,Kumtluang Class I-VII (SCERT Mizoram) — cross-referenced vocabulary extraction,Source: Kumtluang Class III (SCERT Mizoram). VERIFY: confirm precise gloss (turn/sequence vs another sense) from a minimal-pair exercise.
1275,word.changpat,changpât,http://localhost:3000/editorial/content_items/1275,animals,Kumtluang Class I-VII (SCERT Mizoram) — cross-referenced vocabulary extraction,Source: Kumtluang Class IV (SCERT Mizoram). VERIFY: species identity uncertain; named in a story about birds catching insects.
826,word.charsutphawi,char sût phawi,http://localhost:3000/editorial/content_items/826,idiom,Kumtluang Class I-VII (SCERT Mizoram) — cross-referenced vocabulary extraction,Source: Kumtluang Class VI (SCERT Mizoram) VERIFY: idiom translated by sense; confirm nuance with fluent speaker.
180,word.chau,Chau,http://localhost:3000/editorial/content_items/180,feelings,Thumal Quest diaspora expansion batch,VERIFY: confirm standard word for tired tq_level remapped 2026-09-16: was TQ1 -> TQ3 per Kumtluang curriculum cross-reference.
1092,word.chawm-2,châwm,http://localhost:3000/editorial/content_items/1092,verbs,Kumtluang Class I-VII (SCERT Mizoram) — cross-referenced vocabulary extraction,Source: Kumtluang Class II (SCERT Mizoram). VERIFY possible duplicate: diacritic-variant of existing word 'chawm' already in corpus — confirm same word or distinct before import.
1656,word.chawtani,Chawtani,http://localhost:3000/editorial/content_items/1656,objects,Vartian (Mizo literacy primer) — vocabulary extraction,"Source: Ujaas (Vartian) Part-1, SCERT Mizoram adult literacy primer. VERIFY: meaning inferred from a book riddle ('ha ka nei a, mi ka seh thei lo' = 'I have teeth but cannot bite'); not fully confirmed."
1274,word.chengkawl,chêngkawl,http://localhost:3000/editorial/content_items/1274,animals,Kumtluang Class I-VII (SCERT Mizoram) — cross-referenced vocabulary extraction,Source: Kumtluang Class IV (SCERT Mizoram). VERIFY: species identity uncertain; named in a story about birds catching insects.
1574,word.chhah,chhah,http://localhost:3000/editorial/content_items/1574,adjectives,Kumtluang Class I-VII (SCERT Mizoram) — cross-referenced vocabulary extraction,Source: Kumtluang Class VII (SCERT Mizoram). VERIFY: paired opposite of 'zau' (wide) in a grammar list; precise nuance not independently confirmed.
1664,word.chhang,Chhang,http://localhost:3000/editorial/content_items/1664,food,Vartian (Mizo literacy primer) — vocabulary extraction,"Source: Ujaas (Vartian) Part-1, SCERT Mizoram adult literacy primer. VERIFY strongly: appears beside 'vaimim' (maize) in a spelling drill list; could instead be a different part of speech, not confirmed as this noun sense."
1257,word.chhawlhring,chhâwlhring,http://localhost:3000/editorial/content_items/1257,animals,Kumtluang Class I-VII (SCERT Mizoram) — cross-referenced vocabulary extraction,Source: Kumtluang Class IV (SCERT Mizoram). VERIFY: species identity uncertain (named in a hunting story and a bird-categorisation exercise).
1067,word.chhem-2,chhêm,http://localhost:3000/editorial/content_items/1067,verbs,Kumtluang Class I-VII (SCERT Mizoram) — cross-referenced vocabulary extraction,"Source: Kumtluang Class II (SCERT Mizoram). VERIFY: distinguish from ""chhem"" already catalogued (different diacritic/word); gloss (to set fire to, burn deliberately) confirmed from jhum-fire context. VERIFY possible duplicate: diacritic-variant of existing word 'chhem' already in corpus — confirm same word or distinct before import."
1102,word.chhep,chhep,http://localhost:3000/editorial/content_items/1102,verbs,Kumtluang Class I-VII (SCERT Mizoram) — cross-referenced vocabulary extraction,Source: Kumtluang Class II (SCERT Mizoram). VERIFY: exact onomatopoeic nuance (owl's hoot) confirmed from a fable-listening exercise sentence.
651,word.chherup,chhe rup,http://localhost:3000/editorial/content_items/651,nature,Kumtluang Class I-VII (SCERT Mizoram) — cross-referenced vocabulary extraction,VERIFY: contextual meaning from Zirlai 8 environmental passage. Source: Kumtluang Class V (SCERT Mizoram)
1263,word.chhuangtuar,chhuangtuar,http://localhost:3000/editorial/content_items/1263,animals,Kumtluang Class I-VII (SCERT Mizoram) — cross-referenced vocabulary extraction,Source: Kumtluang Class IV (SCERT Mizoram). VERIFY: species identity uncertain (named in a bird-categorisation exercise).
1660,word.chhuatphah,Chhuatphah,http://localhost:3000/editorial/content_items/1660,food,Vartian (Mizo literacy primer) — vocabulary extraction,"Source: Ujaas (Vartian) Part-1, SCERT Mizoram adult literacy primer. VERIFY strongly: appears in a kitchen-items word list (p.46); exact identification not confirmed."
1423,word.chinghne,chinghne,http://localhost:3000/editorial/content_items/1423,animals,Kumtluang Class I-VII (SCERT Mizoram) — cross-referenced vocabulary extraction,Source: Kumtluang Class VII (SCERT Mizoram). VERIFY: exact species (wolf vs jackal) uncertain in local usage.
1360,word.chingit,Chingit,http://localhost:3000/editorial/content_items/1360,food,Kumtluang Class I-VII (SCERT Mizoram) — cross-referenced vocabulary extraction,"Source: Kumtluang Class VI (SCERT Mizoram). VERIFY: reasonably confident this is a sponge-gourd/loofah-type vine, but exact species not fully confirmed."
1258,word.chinrang,chinrâng,http://localhost:3000/editorial/content_items/1258,animals,Kumtluang Class I-VII (SCERT Mizoram) — cross-referenced vocabulary extraction,Source: Kumtluang Class IV (SCERT Mizoram). VERIFY: species identity uncertain (named in a hunting story and a bird-categorisation exercise).
1180,word.chuantir,chuantir,http://localhost:3000/editorial/content_items/1180,verbs,Kumtluang Class I-VII (SCERT Mizoram) — cross-referenced vocabulary extraction,Source: Kumtluang Class III (SCERT Mizoram). VERIFY: gloss inferred from a fable context; confirm precise meaning.
1044,word.chuk,chuk,http://localhost:3000/editorial/content_items/1044,verbs,Kumtluang Class I-VII (SCERT Mizoram) — cross-referenced vocabulary extraction,Source: Kumtluang Class I (SCERT Mizoram). VERIFY: gloss inferred from limited narrative context.
260,word.dai,dai,http://localhost:3000/editorial/content_items/260,nature,Kumtluang Class I-VII (SCERT Mizoram) — cross-referenced vocabulary extraction,"VERIFY: Gloss (lightning, as distinct from thunder) inferred from context in a short sky-themed word list; not cross-checked against a dictionary. Source: Kumtluang Class I (SCERT Mizoram)."
212,word.dar,Dar,http://localhost:3000/editorial/content_items/212,home,Thumal Quest diaspora expansion batch,VERIFY: confirm sense (clock vs bell vs generic metal) Provisional: not yet grade-verified against Kumtluang curriculum (2026-09-16).
1109,word.dawhkan,dawhkân,http://localhost:3000/editorial/content_items/1109,objects,Kumtluang Class I-VII (SCERT Mizoram) — cross-referenced vocabulary extraction,"Source: Kumtluang Class II (SCERT Mizoram). VERIFY spelling-variant: also found as class2:word.dawhkan='dawhkân'(K2), vartian:word.dawhkan='Dawhkan'(TQ0) — confirm distinct words or same word/typo."
1655,word.dawhkan-2,Dawhkan,http://localhost:3000/editorial/content_items/1655,objects,Vartian (Mizo literacy primer) — vocabulary extraction,"Source: Ujaas (Vartian) Part-1, SCERT Mizoram adult literacy primer. VERIFY: meaning inferred from a book riddle ('ke pali ka nei, mahse ka kal thei lo' = 'I have four legs but cannot walk'); not fully confirmed. VERIFY spelling-variant: also found as class2:word.dawhkan='dawhkân'(K2), vartian:word.dawhkan='Dawhkan'(TQ0) — confirm distinct words or same word/typo."
1603,word.dawr-2,Dawr,http://localhost:3000/editorial/content_items/1603,places,Vartian (Mizo literacy primer) — vocabulary extraction,"Source: Ujaas (Vartian) Part-1, SCERT Mizoram adult literacy primer. VERIFY possible duplicate: diacritic-variant of existing word 'dâwr' already in corpus — confirm same word or distinct before import."
1004,word.der,der,http://localhost:3000/editorial/content_items/1004,sounds,Kumtluang Class I-VII (SCERT Mizoram) — cross-referenced vocabulary extraction,"Source: Kumtluang Class I (SCERT Mizoram). VERIFY: exact standalone meaning uncertain, appears as an onomatopoeic root (""dêr dêr"") in the book's poem describing wing-flapping — include with caution."
1130,word.derhken,derhken,http://localhost:3000/editorial/content_items/1130,nature,Kumtluang Class I-VII (SCERT Mizoram) — cross-referenced vocabulary extraction,Source: Kumtluang Class III (SCERT Mizoram). VERIFY: specific flower species uncertain (likely dahlia-type).
1040,word.dial,dial,http://localhost:3000/editorial/content_items/1040,adjectives,Kumtluang Class I-VII (SCERT Mizoram) — cross-referenced vocabulary extraction,"Source: Kumtluang Class I (SCERT Mizoram). VERIFY: normally appears reduplicated as ""dial dial""; standalone adjective sense is inferred."
1611,word.diar,Diar,http://localhost:3000/editorial/content_items/1611,clothing,Vartian (Mizo literacy primer) — vocabulary extraction,"Source: Ujaas (Vartian) Part-1, SCERT Mizoram adult literacy primer. VERIFY: exact style and occasion of wear unconfirmed."
1095,word.dim,dim,http://localhost:3000/editorial/content_items/1095,verbs,Kumtluang Class I-VII (SCERT Mizoram) — cross-referenced vocabulary extraction,"Source: Kumtluang Class II (SCERT Mizoram). VERIFY: gloss (to hide/lurk stealthily) inferred from a jackal lurking in the story context, confirm before use."
1129,word.dingdi,dingdi,http://localhost:3000/editorial/content_items/1129,nature,Kumtluang Class I-VII (SCERT Mizoram) — cross-referenced vocabulary extraction,Source: Kumtluang Class III (SCERT Mizoram). VERIFY: specific flower species uncertain (likely marigold-type).
1662,word.emping,Emping,http://localhost:3000/editorial/content_items/1662,objects,Vartian (Mizo literacy primer) — vocabulary extraction,"Source: Ujaas (Vartian) Part-1, SCERT Mizoram adult literacy primer. VERIFY: exact form/use (basket vs. hat) unconfirmed."
156,word.eng,Eng,http://localhost:3000/editorial/content_items/156,colors,Thumal Quest diaspora expansion batch,VERIFY (low confidence): eng usually means light/shine -- confirm real word for yellow tq_level confirmed TQ1 by Kumtluang curriculum cross-reference (2026-09-16).
1203,word.eng-3,êng,http://localhost:3000/editorial/content_items/1203,adjectives,Kumtluang Class I-VII (SCERT Mizoram) — cross-referenced vocabulary extraction,Source: Kumtluang Class IV (SCERT Mizoram). VERIFY possible duplicate: diacritic-variant of existing word 'Eng' already in corpus — confirm same word or distinct before import.
1149,word.faihliau,fai hliau,http://localhost:3000/editorial/content_items/1149,verbs,Kumtluang Class I-VII (SCERT Mizoram) — cross-referenced vocabulary extraction,Source: Kumtluang Class III (SCERT Mizoram). VERIFY: gloss inferred from a folk-tale context (wiping away tracks/tears).
1584,word.fartuah,Farṭuah,http://localhost:3000/editorial/content_items/1584,nature,Kumtluang Class I-VII (SCERT Mizoram) — cross-referenced vocabulary extraction,Source: Kumtluang Class VII (SCERT Mizoram). VERIFY: exact botanical species uncertain.
1107,word.felna,felna,http://localhost:3000/editorial/content_items/1107,abstract,Kumtluang Class I-VII (SCERT Mizoram) — cross-referenced vocabulary extraction,"Source: Kumtluang Class II (SCERT Mizoram). VERIFY: gloss (righteousness/moral uprightness) inferred from a Psalm-23-style poem context, confirm before use."
1666,word.fu-2,Fu,http://localhost:3000/editorial/content_items/1666,food,Vartian (Mizo literacy primer) — vocabulary extraction,"Source: Ujaas (Vartian) Part-1, SCERT Mizoram adult literacy primer. VERIFY: may overlap with the separately-known word 'fû' (chaff/husk); this book's diacritic is unclear, please confirm exact meaning. VERIFY possible duplicate: diacritic-variant of existing word 'fû' already in corpus — confirm same word or distinct before import."
1090,word.hahchawl-2,hahchâwl,http://localhost:3000/editorial/content_items/1090,verbs,Kumtluang Class I-VII (SCERT Mizoram) — cross-referenced vocabulary extraction,Source: Kumtluang Class II (SCERT Mizoram). VERIFY possible duplicate: diacritic-variant of existing word 'hahchawl' already in corpus — confirm same word or distinct before import.
1530,word.hahip,hahip,http://localhost:3000/editorial/content_items/1530,verbs,Kumtluang Class I-VII (SCERT Mizoram) — cross-referenced vocabulary extraction,Source: Kumtluang Class VII (SCERT Mizoram). VERIFY: nuance inferred from limited context.
1231,word.harhvang-2,harhvâng,http://localhost:3000/editorial/content_items/1231,adjectives,Kumtluang Class I-VII (SCERT Mizoram) — cross-referenced vocabulary extraction,Source: Kumtluang Class IV (SCERT Mizoram). VERIFY possible duplicate: diacritic-variant of existing word 'harhvang' already in corpus — confirm same word or distinct before import.
796,word.harsatnathli,harsatna thli,http://localhost:3000/editorial/content_items/796,abstract/values,Kumtluang Class I-VII (SCERT Mizoram) — cross-referenced vocabulary extraction,Source: Kumtluang Class VI (SCERT Mizoram) VERIFY: figurative/poetic phrase; confirm precise reading with a fluent speaker.
1627,word.hauhuk,Hauhuk,http://localhost:3000/editorial/content_items/1627,animals,Vartian (Mizo literacy primer) — vocabulary extraction,"Source: Ujaas (Vartian) Part-1, SCERT Mizoram adult literacy primer. VERIFY: confirm this is the standard term for hoolock gibbon."
1039,word.hawihhawm-2,hawihhâwm,http://localhost:3000/editorial/content_items/1039,adjectives,Kumtluang Class I-VII (SCERT Mizoram) — cross-referenced vocabulary extraction,Source: Kumtluang Class I (SCERT Mizoram). VERIFY possible duplicate: diacritic-variant of existing word 'hawihhawm' already in corpus — confirm same word or distinct before import.
1124,word.hawng-2,hawng,http://localhost:3000/editorial/content_items/1124,verbs,Kumtluang Class I-VII (SCERT Mizoram) — cross-referenced vocabulary extraction,"Source: Kumtluang Class II (SCERT Mizoram). VERIFY: gloss (to open) inferred from an antonym-matching exercise, confirm the paired antonym before use. VERIFY possible duplicate: diacritic-variant of existing word 'hâwng' already in corpus — confirm same word or distinct before import."
1134,word.hlai,hlâi,http://localhost:3000/editorial/content_items/1134,nature,Kumtluang Class I-VII (SCERT Mizoram) — cross-referenced vocabulary extraction,"Source: Kumtluang Class III (SCERT Mizoram). VERIFY: exact species uncertain; possible homonym with the craft-related word 'hlâi' (bamboo strip) seen elsewhere in the book, kept as a separate entry."
1191,word.hlauthawng-2,hlauthâwng,http://localhost:3000/editorial/content_items/1191,adjectives,Kumtluang Class I-VII (SCERT Mizoram) — cross-referenced vocabulary extraction,Source: Kumtluang Class IV (SCERT Mizoram). VERIFY possible duplicate: diacritic-variant of existing word 'hlauthawng' already in corpus — confirm same word or distinct before import.
1371,word.hlet,Hlet,http://localhost:3000/editorial/content_items/1371,verbs,Kumtluang Class I-VII (SCERT Mizoram) — cross-referenced vocabulary extraction,Source: Kumtluang Class VI (SCERT Mizoram). VERIFY: word-box vocabulary item without an explicit dictionary definition given in the book; gloss inferred from context.
1669,word.hlimhla,Hlimhla,http://localhost:3000/editorial/content_items/1669,nature,Vartian (Mizo literacy primer) — vocabulary extraction,"Source: Ujaas (Vartian) Part-1, SCERT Mizoram adult literacy primer. VERIFY heavily: meaning inferred only from a riddle answer ('ka zui reng che a, mahse min khawih thei lo' = 'I always follow you but you cannot catch me'); could plausibly mean 'shadow' but this is not confirmed and may be wrong."
1105,word.hlobet,hlobet,http://localhost:3000/editorial/content_items/1105,nature,Kumtluang Class I-VII (SCERT Mizoram) — cross-referenced vocabulary extraction,"Source: Kumtluang Class II (SCERT Mizoram). VERIFY: gloss (a green meadow/pasture) inferred from a Psalm-23-style poem context, confirm before use."
1170,word.hmaihthelh,hmaihthelh,http://localhost:3000/editorial/content_items/1170,verbs,Kumtluang Class I-VII (SCERT Mizoram) — cross-referenced vocabulary extraction,Source: Kumtluang Class III (SCERT Mizoram). VERIFY: confirm precise gloss (neglect vs delay).
1309,word.hmangchang,hmangchang,http://localhost:3000/editorial/content_items/1309,adjectives,Kumtluang Class I-VII (SCERT Mizoram) — cross-referenced vocabulary extraction,Source: Kumtluang Class V (SCERT Mizoram). VERIFY: Meaning inferred from context (hmangchang an hria ka ti hle mai); confirm exact register (adverb vs. adjective).
602,word.hmaram,hmarâm,http://localhost:3000/editorial/content_items/602,clothing/traditional,Kumtluang Class I-VII (SCERT Mizoram) — cross-referenced vocabulary extraction,Source: Kumtluang Class IV (SCERT Mizoram). VERIFY: general gloss for a traditional body-marking practice mentioned as historical background.
1413,word.hmatiang,hmatiang,http://localhost:3000/editorial/content_items/1413,adjectives,Kumtluang Class I-VII (SCERT Mizoram) — cross-referenced vocabulary extraction,"Source: Kumtluang Class VII (SCERT Mizoram). VERIFY: directional suffix word, exact nuance uncertain outside grammar context."
1174,word.hmuingilna,hmuingilna,http://localhost:3000/editorial/content_items/1174,abstract,Kumtluang Class I-VII (SCERT Mizoram) — cross-referenced vocabulary extraction,Source: Kumtluang Class III (SCERT Mizoram). VERIFY: confirm precise gloss (harmony/concord vs another related sense).
1132,word.hnahsin,hnahsin,http://localhost:3000/editorial/content_items/1132,nature,Kumtluang Class I-VII (SCERT Mizoram) — cross-referenced vocabulary extraction,Source: Kumtluang Class III (SCERT Mizoram). VERIFY: specific plant species uncertain (likely coleus-type ornamental).
1286,word.hnamtlawm,hnam tlawm,http://localhost:3000/editorial/content_items/1286,community,Kumtluang Class I-VII (SCERT Mizoram) — cross-referenced vocabulary extraction,Source: Kumtluang Class V (SCERT Mizoram). VERIFY: Compound noun distinct from adjective 'tlawm' (small) already recorded; confirm exact sociolinguistic usage.
1544,word.hnar-2,hnâr,http://localhost:3000/editorial/content_items/1544,verbs,Kumtluang Class I-VII (SCERT Mizoram) — cross-referenced vocabulary extraction,Source: Kumtluang Class VII (SCERT Mizoram). VERIFY possible duplicate: diacritic-variant of existing word 'Hnar' already in corpus — confirm same word or distinct before import.
1233,word.hnianghnar,hnianghnâr,http://localhost:3000/editorial/content_items/1233,adjectives,Kumtluang Class I-VII (SCERT Mizoram) — cross-referenced vocabulary extraction,Source: Kumtluang Class IV (SCERT Mizoram). VERIFY: gloss inferred from context (a village's dove population becoming plentiful after a hunting method was banned); no direct definition given in text.
1289,word.hnim,hnim,http://localhost:3000/editorial/content_items/1289,nature,Kumtluang Class I-VII (SCERT Mizoram) — cross-referenced vocabulary extraction,Source: Kumtluang Class V (SCERT Mizoram). VERIFY: Confirm whether 'hnim' alone (vs. 'hnim tha'/'rihnim') is used as a standalone headword.
1080,word.hnuk-2,hnûk,http://localhost:3000/editorial/content_items/1080,verbs,Kumtluang Class I-VII (SCERT Mizoram) — cross-referenced vocabulary extraction,Source: Kumtluang Class II (SCERT Mizoram). VERIFY possible duplicate: diacritic-variant of existing word 'hnuk' already in corpus — confirm same word or distinct before import.
1168,word.hrai,hrai,http://localhost:3000/editorial/content_items/1168,verbs,Kumtluang Class I-VII (SCERT Mizoram) — cross-referenced vocabulary extraction,Source: Kumtluang Class III (SCERT Mizoram). VERIFY: near-synonym of 'pua'; confirm if this specific term differs in meaning or usage.
1036,word.hram-3,hrâm,http://localhost:3000/editorial/content_items/1036,verbs,Kumtluang Class I-VII (SCERT Mizoram) — cross-referenced vocabulary extraction,Source: Kumtluang Class I (SCERT Mizoram). VERIFY: possible diacritic variant of an already-excluded form spelled without the circumflex. VERIFY possible duplicate: diacritic-variant of existing word 'hram' already in corpus — confirm same word or distinct before import.
154,word.hring,Hring,http://localhost:3000/editorial/content_items/154,colors,Thumal Quest diaspora expansion batch,VERIFY: hring also means raw/unripe; confirm color sense is natural usage tq_level confirmed TQ1 by Kumtluang curriculum cross-reference (2026-09-16).
1317,word.inkalhtlat,inkalh tlat,http://localhost:3000/editorial/content_items/1317,adjectives,Kumtluang Class I-VII (SCERT Mizoram) — cross-referenced vocabulary extraction,Source: Kumtluang Class V (SCERT Mizoram). VERIFY: Distinguish from the already-catalogued noun 'inkalh khung' (door-bolt); confirm exact usage as a verb/state describing the door being shut fast.
1041,word.inkawm,inkâwm,http://localhost:3000/editorial/content_items/1041,verbs,Kumtluang Class I-VII (SCERT Mizoram) — cross-referenced vocabulary extraction,"Source: Kumtluang Class I (SCERT Mizoram). VERIFY spelling-variant: also found as class1:word.inkawm='inkâwm'(K1), vartian:word.inkawm='Inkawm'(TQ0) — confirm distinct words or same word/typo."
1675,word.inkawm-2,Inkawm,http://localhost:3000/editorial/content_items/1675,verbs,Vartian (Mizo literacy primer) — vocabulary extraction,"Source: Ujaas (Vartian) Part-1, SCERT Mizoram adult literacy primer. VERIFY exact part of speech (noun vs. verb usage). VERIFY spelling-variant: also found as class1:word.inkawm='inkâwm'(K1), vartian:word.inkawm='Inkawm'(TQ0) — confirm distinct words or same word/typo."
1116,word.inlar,inlâr,http://localhost:3000/editorial/content_items/1116,verbs,Kumtluang Class I-VII (SCERT Mizoram) — cross-referenced vocabulary extraction,"Source: Kumtluang Class II (SCERT Mizoram). VERIFY: gloss (to appear/manifest oneself) inferred from a Bible-story context (God appearing in a dream), confirm before use."
1670,word.intihhlimna,Intihhlimna,http://localhost:3000/editorial/content_items/1670,places,Vartian (Mizo literacy primer) — vocabulary extraction,"Source: Ujaas (Vartian) Part-1, SCERT Mizoram adult literacy primer. VERIFY exact scope (activity vs. place)."
1316,word.intihretak,intihre tak,http://localhost:3000/editorial/content_items/1316,adjectives,Kumtluang Class I-VII (SCERT Mizoram) — cross-referenced vocabulary extraction,Source: Kumtluang Class V (SCERT Mizoram). VERIFY: Exact meaning/context not fully confirmed from the visible passage; morphology suggests 'to make clearly understood' — verify with a native speaker.
1608,word.ipte,Ipte,http://localhost:3000/editorial/content_items/1608,objects,Vartian (Mizo literacy primer) — vocabulary extraction,"Source: Ujaas (Vartian) Part-1, SCERT Mizoram adult literacy primer. VERIFY: exact craft/weave term should be checked with a fluent speaker."
1100,word.it,ît,http://localhost:3000/editorial/content_items/1100,verbs,Kumtluang Class I-VII (SCERT Mizoram) — cross-referenced vocabulary extraction,"Source: Kumtluang Class II (SCERT Mizoram). VERIFY: gloss (to crave/be eager for) inferred from a hungry-owl story context, confirm before use."
1585,word.kaina,kaina,http://localhost:3000/editorial/content_items/1585,nature,Kumtluang Class I-VII (SCERT Mizoram) — cross-referenced vocabulary extraction,Source: Kumtluang Class VII (SCERT Mizoram). VERIFY: nuance inferred from limited context (boundary/edge of a garden).
1528,word.kaizaveng,kaiza veng,http://localhost:3000/editorial/content_items/1528,idiom,Kumtluang Class I-VII (SCERT Mizoram) — cross-referenced vocabulary extraction,Source: Kumtluang Class VII (SCERT Mizoram). VERIFY: nuance inferred from limited context.
167,word.kam,Kam,http://localhost:3000/editorial/content_items/167,body,Thumal Quest diaspora expansion batch,VERIFY (moderate confidence): confirm standard word for mouth Provisional: not yet grade-verified against Kumtluang curriculum (2026-09-16).
200,word.kar,Kar,http://localhost:3000/editorial/content_items/200,time,Thumal Quest diaspora expansion batch,VERIFY: confirm exact sense (week vs generic interval) Provisional: not yet grade-verified against Kumtluang curriculum (2026-09-16).
1306,word.kawltheizik,kawlthei zik,http://localhost:3000/editorial/content_items/1306,food,Kumtluang Class I-VII (SCERT Mizoram) — cross-referenced vocabulary extraction,Source: Kumtluang Class V (SCERT Mizoram). VERIFY: Traditional-medicine plant name; exact botanical identity not independently confirmed — verify with a native speaker/ethnobotanist.
1187,word.kawngkhar,kawngkhâr,http://localhost:3000/editorial/content_items/1187,tools,Kumtluang Class I-VII (SCERT Mizoram) — cross-referenced vocabulary extraction,"Source: Kumtluang Class IV (SCERT Mizoram). VERIFY spelling-variant: also found as class4:word.kawngkhar='kawngkhâr'(K4), vartian:word.kawngkhar='Kawngkhar'(TQ0) — confirm distinct words or same word/typo."
1605,word.kawngkhar-2,Kawngkhar,http://localhost:3000/editorial/content_items/1605,objects,Vartian (Mizo literacy primer) — vocabulary extraction,"Source: Ujaas (Vartian) Part-1, SCERT Mizoram adult literacy primer. VERIFY spelling-variant: also found as class4:word.kawngkhar='kawngkhâr'(K4), vartian:word.kawngkhar='Kawngkhar'(TQ0) — confirm distinct words or same word/typo."
1135,word.kawt,kawt,http://localhost:3000/editorial/content_items/1135,objects,Kumtluang Class I-VII (SCERT Mizoram) — cross-referenced vocabulary extraction,Source: Kumtluang Class III (SCERT Mizoram). VERIFY: exact meaning (fence vs garden border) uncertain from context.
1520,word.kawtchhuah,kawtchhuah,http://localhost:3000/editorial/content_items/1520,traditional_culture,Kumtluang Class I-VII (SCERT Mizoram) — cross-referenced vocabulary extraction,Source: Kumtluang Class VII (SCERT Mizoram). VERIFY: nuance inferred from limited context.
1661,word.kawtthler,Kawtthler,http://localhost:3000/editorial/content_items/1661,places,Vartian (Mizo literacy primer) — vocabulary extraction,"Source: Ujaas (Vartian) Part-1, SCERT Mizoram adult literacy primer. VERIFY: image on p.4 shows a cluster of houses/shops; exact translation not confirmed."
820,word.kelphungtapchimhmuang,kêlphûng tap chim hmu ang,http://localhost:3000/editorial/content_items/820,idiom,Kumtluang Class I-VII (SCERT Mizoram) — cross-referenced vocabulary extraction,Source: Kumtluang Class VI (SCERT Mizoram) VERIFY: idiom translated by sense; confirm nuance with fluent speaker.
1125,word.kezungpui,kezungpui,http://localhost:3000/editorial/content_items/1125,body,Kumtluang Class I-VII (SCERT Mizoram) — cross-referenced vocabulary extraction,"Source: Kumtluang Class III (SCERT Mizoram). VERIFY: gloss inferred from word parts (ke=foot, zung=base, pui=big); confirm exact meaning."
441,word.khalhna,khalhna,http://localhost:3000/editorial/content_items/441,transport,Kumtluang Class I-VII (SCERT Mizoram) — cross-referenced vocabulary extraction,VERIFY: the exact term the book uses for this vehicle part is not fully certain. Source: Kumtluang Class III (SCERT Mizoram).
442,word.khapna,khapna,http://localhost:3000/editorial/content_items/442,transport,Kumtluang Class I-VII (SCERT Mizoram) — cross-referenced vocabulary extraction,VERIFY: the exact term the book uses for this vehicle part is not fully certain. Source: Kumtluang Class III (SCERT Mizoram).
1123,word.khar,khâr,http://localhost:3000/editorial/content_items/1123,adjectives,Kumtluang Class I-VII (SCERT Mizoram) — cross-referenced vocabulary extraction,"Source: Kumtluang Class II (SCERT Mizoram). VERIFY: gloss (far) inferred from an antonym-matching exercise, confirm the paired antonym before use."
1436,word.khau-2,khâu,http://localhost:3000/editorial/content_items/1436,animals,Kumtluang Class I-VII (SCERT Mizoram) — cross-referenced vocabulary extraction,Source: Kumtluang Class VII (SCERT Mizoram). VERIFY: exact species/local usage uncertain. VERIFY possible duplicate: diacritic-variant of existing word 'khau' already in corpus — confirm same word or distinct before import.
1078,word.khawrh,khawrh,http://localhost:3000/editorial/content_items/1078,objects,Kumtluang Class I-VII (SCERT Mizoram) — cross-referenced vocabulary extraction,Source: Kumtluang Class II (SCERT Mizoram). VERIFY: exact gloss (bait/trap for catching crab or fish) inferred from the monkey-and-tortoise story context.
1088,word.khiang,khiang,http://localhost:3000/editorial/content_items/1088,nature,Kumtluang Class I-VII (SCERT Mizoram) — cross-referenced vocabulary extraction,"Source: Kumtluang Class II (SCERT Mizoram). VERIFY: gloss (a kind of bamboo/cane tree, from the lesson's own definition ""thing chi khat"") is broad; confirm the exact species before use."
413,word.khuangchawi,khuangchawi,http://localhost:3000/editorial/content_items/413,festivals,Kumtluang Class I-VII (SCERT Mizoram) — cross-referenced vocabulary extraction,VERIFY: this is a specific traditional festival name; details are simplified here for a vocabulary entry. Source: Kumtluang Class III (SCERT Mizoram).
869,word.khuavang,khuavang,http://localhost:3000/editorial/content_items/869,culture/folklore,Kumtluang Class I-VII (SCERT Mizoram) — cross-referenced vocabulary extraction,"Source: Kumtluang Class VI (SCERT Mizoram) VERIFY: supernatural/folk-belief concept, route to human culture reviewer."
301,word.ki,ki,http://localhost:3000/editorial/content_items/301,body,Kumtluang Class I-VII (SCERT Mizoram) — cross-referenced vocabulary extraction,VERIFY: 'ki' as a standalone noun can be ambiguous outside context; confirm meaning with a native speaker. | Source: Kumtluang Class II (SCERT Mizoram)
1259,word.kireuh,kireuh,http://localhost:3000/editorial/content_items/1259,animals,Kumtluang Class I-VII (SCERT Mizoram) — cross-referenced vocabulary extraction,Source: Kumtluang Class IV (SCERT Mizoram). VERIFY: species identity uncertain (named in a hunting story and a bird-categorisation exercise).
1082,word.kuhmum,kuhmûm,http://localhost:3000/editorial/content_items/1082,verbs,Kumtluang Class I-VII (SCERT Mizoram) — cross-referenced vocabulary extraction,"Source: Kumtluang Class II (SCERT Mizoram). VERIFY: gloss (to form flower buds) inferred from context, confirm before use."
1002,word.lam-3,lam,http://localhost:3000/editorial/content_items/1002,nature,Kumtluang Class I-VII (SCERT Mizoram) — cross-referenced vocabulary extraction,Source: Kumtluang Class I (SCERT Mizoram). VERIFY possible duplicate: diacritic-variant of existing word 'lâm' already in corpus — confirm same word or distinct before import.
870,word.lamthuam,lamthuam,http://localhost:3000/editorial/content_items/870,culture/folklore,Kumtluang Class I-VII (SCERT Mizoram) — cross-referenced vocabulary extraction,"Source: Kumtluang Class VI (SCERT Mizoram) VERIFY: linked to folk-belief context, route to human culture reviewer."
231,word.lawi,lâwi,http://localhost:3000/editorial/content_items/231,animals,Kumtluang Class I-VII (SCERT Mizoram) — cross-referenced vocabulary extraction,VERIFY: Exact species/gloss for 'lâwi' not fully certain from the picture-primer page alone; recommend a fluent-speaker check. Source: Kumtluang Class I (SCERT Mizoram).
1665,word.lawngpar,Lawngpar,http://localhost:3000/editorial/content_items/1665,nature,Vartian (Mizo literacy primer) — vocabulary extraction,"Source: Ujaas (Vartian) Part-1, SCERT Mizoram adult literacy primer. VERIFY strongly."
1164,word.lei,lei,http://localhost:3000/editorial/content_items/1164,verbs,Kumtluang Class I-VII (SCERT Mizoram) — cross-referenced vocabulary extraction,Source: Kumtluang Class III (SCERT Mizoram). VERIFY: potential homonym confusion with 'lei' meaning ground/earth; confirm intended sense from context.
1292,word.leimin,lei min,http://localhost:3000/editorial/content_items/1292,nature,Kumtluang Class I-VII (SCERT Mizoram) — cross-referenced vocabulary extraction,Source: Kumtluang Class V (SCERT Mizoram). VERIFY: Gloss inferred from context listing natural disasters caused by deforestation; confirm exact term (possibly two separate words).
1256,word.lengphar,lengphâr,http://localhost:3000/editorial/content_items/1256,animals,Kumtluang Class I-VII (SCERT Mizoram) — cross-referenced vocabulary extraction,Source: Kumtluang Class IV (SCERT Mizoram). VERIFY: species identity uncertain; named among birds caught in a fishing net in the source story.
155,word.lieng,Lieng,http://localhost:3000/editorial/content_items/155,colors,Thumal Quest diaspora expansion batch,VERIFY: confirm exact word/spelling for blue Provisional: not yet grade-verified against Kumtluang curriculum (2026-09-16).
1672,word.lirthei,Lirthei,http://localhost:3000/editorial/content_items/1672,objects,Vartian (Mizo literacy primer) — vocabulary extraction,"Source: Ujaas (Vartian) Part-1, SCERT Mizoram adult literacy primer. VERIFY exact scope (car specifically vs. vehicle generally)."
821,word.lupanhnathawh,lu pân hnathawh,http://localhost:3000/editorial/content_items/821,idiom,Kumtluang Class I-VII (SCERT Mizoram) — cross-referenced vocabulary extraction,Source: Kumtluang Class VI (SCERT Mizoram) VERIFY: idiom translated by sense; confirm nuance with fluent speaker.
1647,word.mai-2,Mai,http://localhost:3000/editorial/content_items/1647,food,Vartian (Mizo literacy primer) — vocabulary extraction,"Source: Ujaas (Vartian) Part-1, SCERT Mizoram adult literacy primer. VERIFY possible duplicate: diacritic-variant of existing word 'mâi' already in corpus — confirm same word or distinct before import."
290,word.maian,maian,http://localhost:3000/editorial/content_items/290,nature,Kumtluang Class I-VII (SCERT Mizoram) — cross-referenced vocabulary extraction,VERIFY: confirm 'maian' is the standard modern spelling for the banana plant used in the book's tree-classification exercise. | Source: Kumtluang Class II (SCERT Mizoram)
187,word.makpa,Makpa,http://localhost:3000/editorial/content_items/187,family,Thumal Quest diaspora expansion batch,VERIFY (lower confidence): confirm exact term; NO_EMOJI: needs custom illustration distinct from Pasal/husband; picture_match dropped: same reasoning as word.u -- kinship-relation words aren't visually disambiguable Provisional: not yet grade-verified against Kumtluang curriculum (2026-09-16).
733,word.mangkhawh,mang khawh,http://localhost:3000/editorial/content_items/733,verbs,Kumtluang Class I-VII (SCERT Mizoram) — cross-referenced vocabulary extraction,VERIFY: gloss inferred from limited context; nuance uncertain. Source: Kumtluang Class V (SCERT Mizoram)
1604,word.mipui,Mipui,http://localhost:3000/editorial/content_items/1604,people,Vartian (Mizo literacy primer) — vocabulary extraction,"Source: Ujaas (Vartian) Part-1, SCERT Mizoram adult literacy primer. VERIFY: exact nuance (public vs. crowd) not fully confirmed from context."
1323,word.mitthlaah,mitthlaah,http://localhost:3000/editorial/content_items/1323,community,Kumtluang Class I-VII (SCERT Mizoram) — cross-referenced vocabulary extraction,Source: Kumtluang Class V (SCERT Mizoram). VERIFY: Meaning inferred from context (suangtuahna mitthlaah Maharaja chu a lo kal a); confirm compositional sense (mit + thlaah).
188,word.monu,Monu,http://localhost:3000/editorial/content_items/188,family,Thumal Quest diaspora expansion batch,VERIFY (lower confidence): confirm exact term; NO_EMOJI: needs custom illustration distinct from Nupui/wife; picture_match dropped: same reasoning as word.u -- kinship-relation words aren't visually disambiguable Provisional: not yet grade-verified against Kumtluang curriculum (2026-09-16).
1378,word.mualliam,Mual liam,http://localhost:3000/editorial/content_items/1378,idiom,Kumtluang Class I-VII (SCERT Mizoram) — cross-referenced vocabulary extraction,Source: Kumtluang Class VI (SCERT Mizoram). VERIFY: exact idiomatic nuance uncertain; drawn from a single line of poetry without a direct dictionary gloss.
1179,word.nachang,nachâng,http://localhost:3000/editorial/content_items/1179,abstract,Kumtluang Class I-VII (SCERT Mizoram) — cross-referenced vocabulary extraction,Source: Kumtluang Class III (SCERT Mizoram). VERIFY: confirm precise gloss (character/trait vs habit).
1583,word.nakalai,nâkalai,http://localhost:3000/editorial/content_items/1583,idiom,Kumtluang Class I-VII (SCERT Mizoram) — cross-referenced vocabulary extraction,Source: Kumtluang Class VII (SCERT Mizoram). VERIFY: precise temporal nuance uncertain.
1215,word.nawi,nawi,http://localhost:3000/editorial/content_items/1215,adjectives,Kumtluang Class I-VII (SCERT Mizoram) — cross-referenced vocabulary extraction,"Source: Kumtluang Class IV (SCERT Mizoram). VERIFY: exact nuance uncertain; inferred from a poem-vocabulary exercise pairing it with 'nuam' (pleasant) without a plain-language gloss given in the text. VERIFY spelling-variant: also found as class4:word.nawi='nawi'(K4), class5:word.nawi='nâwi'(K5) — confirm distinct words or same word/typo."
1216,word.nawi-2,nâwi,http://localhost:3000/editorial/content_items/1216,tools,Kumtluang Class I-VII (SCERT Mizoram) — cross-referenced vocabulary extraction,"Source: Kumtluang Class V (SCERT Mizoram). VERIFY spelling-variant: also found as class4:word.nawi='nawi'(K4), class5:word.nawi='nâwi'(K5) — confirm distinct words or same word/typo."
1063,word.nawinawk,nawinâwk,http://localhost:3000/editorial/content_items/1063,colors,Kumtluang Class I-VII (SCERT Mizoram) — cross-referenced vocabulary extraction,"Source: Kumtluang Class II (SCERT Mizoram). VERIFY: exact shade (orange) inferred from rainbow-colours lesson list, confirm before use."
1667,word.nawlhbawk,Nawlhbawk,http://localhost:3000/editorial/content_items/1667,objects,Vartian (Mizo literacy primer) — vocabulary extraction,"Source: Ujaas (Vartian) Part-1, SCERT Mizoram adult literacy primer. VERIFY exact spelling."
1076,word.nawm,nawm,http://localhost:3000/editorial/content_items/1076,adjectives,Kumtluang Class I-VII (SCERT Mizoram) — cross-referenced vocabulary extraction,"Source: Kumtluang Class II (SCERT Mizoram). VERIFY: nuance (done playfully / for fun) distinguished from ""nuam"" (pleasant) already catalogued, confirm before use."
1022,word.nawt-2,nâwt,http://localhost:3000/editorial/content_items/1022,verbs,Kumtluang Class I-VII (SCERT Mizoram) — cross-referenced vocabulary extraction,Source: Kumtluang Class I (SCERT Mizoram). VERIFY: possible diacritic variant of an already-excluded form spelled without the circumflex. VERIFY possible duplicate: diacritic-variant of existing word 'nawt' already in corpus — confirm same word or distinct before import.
1181,word.nem,nêm,http://localhost:3000/editorial/content_items/1181,adjectives,Kumtluang Class I-VII (SCERT Mizoram) — cross-referenced vocabulary extraction,Source: Kumtluang Class III (SCERT Mizoram). VERIFY: confirm precise gloss from a minimal-pair exercise.
1251,word.nghadawl,nghadawl,http://localhost:3000/editorial/content_items/1251,animals,Kumtluang Class I-VII (SCERT Mizoram) — cross-referenced vocabulary extraction,Source: Kumtluang Class IV (SCERT Mizoram). VERIFY: 'nghadawl' is one of several dove/pigeon species named in a hunting story and a bird-categorisation exercise; exact common English species name not confirmed.
1232,word.nghafuan,nghafuan,http://localhost:3000/editorial/content_items/1232,tools,Kumtluang Class I-VII (SCERT Mizoram) — cross-referenced vocabulary extraction,Source: Kumtluang Class IV (SCERT Mizoram). VERIFY: gloss inferred from context describing a hunting method being restricted to protect dove numbers; exact construction of the trap is not described in the text.
1252,word.nghahrah,nghahrah,http://localhost:3000/editorial/content_items/1252,animals,Kumtluang Class I-VII (SCERT Mizoram) — cross-referenced vocabulary extraction,Source: Kumtluang Class IV (SCERT Mizoram). VERIFY: 'nghahrah' is one of several dove/pigeon species named in a hunting story and a bird-categorisation exercise; exact common English species name not confirmed.
1255,word.ngharul,ngharûl,http://localhost:3000/editorial/content_items/1255,animals,Kumtluang Class I-VII (SCERT Mizoram) — cross-referenced vocabulary extraction,Source: Kumtluang Class IV (SCERT Mizoram). VERIFY: 'ngharûl' is one of several dove/pigeon species named in a hunting story and a bird-categorisation exercise; exact common English species name not confirmed.
1250,word.nghatun,nghatun,http://localhost:3000/editorial/content_items/1250,animals,Kumtluang Class I-VII (SCERT Mizoram) — cross-referenced vocabulary extraction,Source: Kumtluang Class IV (SCERT Mizoram). VERIFY: 'nghatun' is one of several dove/pigeon species named in a hunting story and a bird-categorisation exercise; exact common English species name not confirmed.
1254,word.nghavang,nghavâng,http://localhost:3000/editorial/content_items/1254,animals,Kumtluang Class I-VII (SCERT Mizoram) — cross-referenced vocabulary extraction,Source: Kumtluang Class IV (SCERT Mizoram). VERIFY: 'nghavâng' is one of several dove/pigeon species named in a hunting story and a bird-categorisation exercise; exact common English species name not confirmed.
1253,word.nghavawk,nghavawk,http://localhost:3000/editorial/content_items/1253,animals,Kumtluang Class I-VII (SCERT Mizoram) — cross-referenced vocabulary extraction,Source: Kumtluang Class IV (SCERT Mizoram). VERIFY: 'nghavawk' is one of several dove/pigeon species named in a hunting story and a bird-categorisation exercise; exact common English species name not confirmed.
257,word.nghawng,nghâwng,http://localhost:3000/editorial/content_items/257,plants,Kumtluang Class I-VII (SCERT Mizoram) — cross-referenced vocabulary extraction,VERIFY: Gloss inferred from a dialogue line where a flower character says its 'nghâwng' hurts; recommend a fluent-speaker check. Source: Kumtluang Class I (SCERT Mizoram).
1110,word.ngilneihna,ngilneihna,http://localhost:3000/editorial/content_items/1110,abstract,Kumtluang Class I-VII (SCERT Mizoram) — cross-referenced vocabulary extraction,"Source: Kumtluang Class II (SCERT Mizoram). VERIFY: gloss (mercy/kindness) inferred from a Psalm-23-style poem context, confirm before use."
1094,word.ngun-2,ngun,http://localhost:3000/editorial/content_items/1094,adjectives,Kumtluang Class I-VII (SCERT Mizoram) — cross-referenced vocabulary extraction,Source: Kumtluang Class II (SCERT Mizoram). VERIFY possible duplicate: diacritic-variant of existing word 'ngûn' already in corpus — confirm same word or distinct before import.
399,word.nikir,nikir,http://localhost:3000/editorial/content_items/399,seasons,Kumtluang Class I-VII (SCERT Mizoram) — cross-referenced vocabulary extraction,VERIFY: the exact scope of this seasonal word is not fully certain. Source: Kumtluang Class III (SCERT Mizoram).
507,word.pasaltha,pasaltha,http://localhost:3000/editorial/content_items/507,history,Kumtluang Class I-VII (SCERT Mizoram) — cross-referenced vocabulary extraction,VERIFY: this is a traditional cultural term; kept general rather than tied to the hunting-story plot. Source: Kumtluang Class III (SCERT Mizoram).
1370,word.pawhraw,Pawhraw,http://localhost:3000/editorial/content_items/1370,idiom,Kumtluang Class I-VII (SCERT Mizoram) — cross-referenced vocabulary extraction,Source: Kumtluang Class VI (SCERT Mizoram). VERIFY: meaning inferred from context (listed among undesirable youthful behaviors); precise dictionary definition not confirmed.
239,word.pawl,pawl,http://localhost:3000/editorial/content_items/239,colors,Kumtluang Class I-VII (SCERT Mizoram) — cross-referenced vocabulary extraction,VERIFY: Gloss inferred from a blue mug's picture caption in a colour-naming exercise; not cross-checked against a dictionary. Source: Kumtluang Class I (SCERT Mizoram).
1066,word.pawl-4,pâwl,http://localhost:3000/editorial/content_items/1066,colors,Kumtluang Class I-VII (SCERT Mizoram) — cross-referenced vocabulary extraction,"Source: Kumtluang Class II (SCERT Mizoram). Note: distinct from ""pawl"" (group/class) already catalogued; here pâwl names a colour in the rainbow-colours lesson. VERIFY possible duplicate: diacritic-variant of existing word 'pawl' already in corpus — confirm same word or distinct before import."
1318,word.pawng,pâwng,http://localhost:3000/editorial/content_items/1318,values,Kumtluang Class I-VII (SCERT Mizoram) — cross-referenced vocabulary extraction,Source: Kumtluang Class V (SCERT Mizoram). VERIFY: Meaning inferred from context (mi tha leh neinung an pâwng hek lo); confirm exact shade of meaning.
1006,word.peng,pêng,http://localhost:3000/editorial/content_items/1006,nature,Kumtluang Class I-VII (SCERT Mizoram) — cross-referenced vocabulary extraction,"Source: Kumtluang Class I (SCERT Mizoram). VERIFY spelling-variant: also found as class1:word.peng='pêng'(K1), class3:word.peng='peng'(K3) — confirm distinct words or same word/typo."
1007,word.peng-2,peng,http://localhost:3000/editorial/content_items/1007,body,Kumtluang Class I-VII (SCERT Mizoram) — cross-referenced vocabulary extraction,"Source: Kumtluang Class III (SCERT Mizoram). VERIFY spelling-variant: also found as class1:word.peng='pêng'(K1), class3:word.peng='peng'(K3) — confirm distinct words or same word/typo."
1649,word.perek,Perek,http://localhost:3000/editorial/content_items/1649,food,Vartian (Mizo literacy primer) — vocabulary extraction,"Source: Ujaas (Vartian) Part-1, SCERT Mizoram adult literacy primer. VERIFY translation."
1455,word.phalhauh,phalhauh,http://localhost:3000/editorial/content_items/1455,verbs,Kumtluang Class I-VII (SCERT Mizoram) — cross-referenced vocabulary extraction,Source: Kumtluang Class VII (SCERT Mizoram). VERIFY: precise nuance inferred from limited context.
1659,word.phengphehlep-2,Phengphehlep,http://localhost:3000/editorial/content_items/1659,food,Vartian (Mizo literacy primer) — vocabulary extraction,"Source: Ujaas (Vartian) Part-1, SCERT Mizoram adult literacy primer. VERIFY strongly: appears in a kitchen-items word list (p.46); exact identification not confirmed. VERIFY possible duplicate: diacritic-variant of existing word 'phêngphehlep' already in corpus — confirm same word or distinct before import."
1331,word.phian,phian,http://localhost:3000/editorial/content_items/1331,adjectives,Kumtluang Class I-VII (SCERT Mizoram) — cross-referenced vocabulary extraction,Source: Kumtluang Class V (SCERT Mizoram). VERIFY: Meaning inferred from a single narrative use (a awih phian mai lehnghal); confirm as standalone headword vs. bound form.
1059,word.phu,phu,http://localhost:3000/editorial/content_items/1059,verbs,Kumtluang Class I-VII (SCERT Mizoram) — cross-referenced vocabulary extraction,Source: Kumtluang Class II (SCERT Mizoram). VERIFY: gloss (to blow/pant hard) inferred from a dove panting for breath in the story context.
432,word.phuba,phubâ,http://localhost:3000/editorial/content_items/432,household,Kumtluang Class I-VII (SCERT Mizoram) — cross-referenced vocabulary extraction,VERIFY: the exact traditional structure this refers to is simplified here. Source: Kumtluang Class III (SCERT Mizoram).
1071,word.phuh,phuh,http://localhost:3000/editorial/content_items/1071,verbs,Kumtluang Class I-VII (SCERT Mizoram) — cross-referenced vocabulary extraction,Source: Kumtluang Class II (SCERT Mizoram). VERIFY: gloss (to spray/blow out water or breath) inferred from an elephant spraying water in the story context.
1305,word.phuihnam,phuihnam,http://localhost:3000/editorial/content_items/1305,food,Kumtluang Class I-VII (SCERT Mizoram) — cross-referenced vocabulary extraction,Source: Kumtluang Class V (SCERT Mizoram). VERIFY: Traditional-medicine plant name; exact botanical identity not independently confirmed — verify with a native speaker/ethnobotanist.
1445,word.phulraw,phûlraw,http://localhost:3000/editorial/content_items/1445,food,Kumtluang Class I-VII (SCERT Mizoram) — cross-referenced vocabulary extraction,Source: Kumtluang Class VII (SCERT Mizoram). VERIFY: exact plant identification uncertain.
846,word.phurhhlan,phurhhlân,http://localhost:3000/editorial/content_items/846,abstract/values,Kumtluang Class I-VII (SCERT Mizoram) — cross-referenced vocabulary extraction,Source: Kumtluang Class VI (SCERT Mizoram) VERIFY: figurative/poetic term; confirm precise reading with a fluent speaker.
1276,word.pit,pit,http://localhost:3000/editorial/content_items/1276,animals,Kumtluang Class I-VII (SCERT Mizoram) — cross-referenced vocabulary extraction,Source: Kumtluang Class IV (SCERT Mizoram). VERIFY: species identity uncertain (small generic bird named in a story).
1081,word.puak,puak,http://localhost:3000/editorial/content_items/1081,verbs,Kumtluang Class I-VII (SCERT Mizoram) — cross-referenced vocabulary extraction,"Source: Kumtluang Class II (SCERT Mizoram). VERIFY: gloss (to bear fruit / swell) inferred from a flower-and-rain story context, confirm before use."
999,word.ral,ral,http://localhost:3000/editorial/content_items/999,community,Kumtluang Class I-VII (SCERT Mizoram) — cross-referenced vocabulary extraction,"Source: Kumtluang Class I (SCERT Mizoram). VERIFY spelling-variant: also found as class1:word.ral='ral'(K1), class3:word.ral2='râl'(K3), class4:word.ral='râl'(K4) — confirm distinct words or same word/typo."
823,word.ralkairual,râl kai rual,http://localhost:3000/editorial/content_items/823,idiom,Kumtluang Class I-VII (SCERT Mizoram) — cross-referenced vocabulary extraction,Source: Kumtluang Class VI (SCERT Mizoram) VERIFY: idiom rooted in older warfare context; confirm nuance with human culture reviewer.
1153,word.rapthlak,râpthlâk,http://localhost:3000/editorial/content_items/1153,adjectives,Kumtluang Class I-VII (SCERT Mizoram) — cross-referenced vocabulary extraction,Source: Kumtluang Class III (SCERT Mizoram). VERIFY: confirm precise gloss from a sentiment-classification exercise.
1315,word.ruahmansak,ruahmansak,http://localhost:3000/editorial/content_items/1315,verbs,Kumtluang Class I-VII (SCERT Mizoram) — cross-referenced vocabulary extraction,Source: Kumtluang Class V (SCERT Mizoram). VERIFY: Meaning inferred from context (min ruahmansak te); confirm exact shade of meaning vs. plain 'ruahman'.
1072,word.ruai,ruai,http://localhost:3000/editorial/content_items/1072,abstract,Kumtluang Class I-VII (SCERT Mizoram) — cross-referenced vocabulary extraction,"Source: Kumtluang Class II (SCERT Mizoram). VERIFY: exact sense (a rumour/warning cry spread by word of mouth among the animals) inferred from context, confirm before use."
1161,word.rualthawt,rual ṭhawt,http://localhost:3000/editorial/content_items/1161,verbs,Kumtluang Class I-VII (SCERT Mizoram) — cross-referenced vocabulary extraction,Source: Kumtluang Class III (SCERT Mizoram). VERIFY: gloss inferred from a caterpillar/butterfly story context.
1184,word.sa-2,sâ,http://localhost:3000/editorial/content_items/1184,food/body,Kumtluang Class I-VII (SCERT Mizoram) — cross-referenced vocabulary extraction,Source: Kumtluang Class III (SCERT Mizoram). VERIFY: confirm precise gloss; possible near-duplicate of 'thau'. VERIFY possible duplicate: diacritic-variant of existing word 'Sa' already in corpus — confirm same word or distinct before import.
1290,word.sairawkherh,sairawkherh,http://localhost:3000/editorial/content_items/1290,tools,Kumtluang Class I-VII (SCERT Mizoram) — cross-referenced vocabulary extraction,Source: Kumtluang Class V (SCERT Mizoram). VERIFY: Exact identification/spelling of this traditional tool name should be confirmed with a native speaker.
218,word.sakawr,Sakawr,http://localhost:3000/editorial/content_items/218,animals,Thumal Quest diaspora expansion batch,VERIFY: confirm spelling Provisional: not yet grade-verified against Kumtluang curriculum (2026-09-16).
1273,word.sanghal,sanghal,http://localhost:3000/editorial/content_items/1273,animals,Kumtluang Class I-VII (SCERT Mizoram) — cross-referenced vocabulary extraction,Source: Kumtluang Class IV (SCERT Mizoram). VERIFY: spelling is close to 'sanghar' (porcupine) elsewhere in the same book; may be the same animal or a distinct one—needs language review.
1267,word.sanghar,sanghar,http://localhost:3000/editorial/content_items/1267,animals,Kumtluang Class I-VII (SCERT Mizoram) — cross-referenced vocabulary extraction,"Source: Kumtluang Class IV (SCERT Mizoram). VERIFY: likely means porcupine, inferred from grouping with other wild-game names in an animal-sounds exercise."
1299,word.sarzuk,sarzuk,http://localhost:3000/editorial/content_items/1299,food,Kumtluang Class I-VII (SCERT Mizoram) — cross-referenced vocabulary extraction,Source: Kumtluang Class V (SCERT Mizoram). VERIFY: Traditional-medicine plant name; exact botanical identity not independently confirmed — verify with a native speaker/ethnobotanist.
1300,word.sawhthing,sawhthing,http://localhost:3000/editorial/content_items/1300,food,Kumtluang Class I-VII (SCERT Mizoram) — cross-referenced vocabulary extraction,Source: Kumtluang Class V (SCERT Mizoram). VERIFY: Traditional-medicine plant name; exact botanical identity not independently confirmed — verify with a native speaker/ethnobotanist.
149,word.sawmhnih,Sawmhnih,http://localhost:3000/editorial/content_items/149,numbers,Thumal Quest diaspora expansion batch,VERIFY: confirm compound form/spelling; NO_EMOJI: no clean single glyph for 20 -- needs custom illustration or compound display Provisional: not yet grade-verified against Kumtluang curriculum (2026-09-16).
148,word.sawmkhat,Sawmkhat,http://localhost:3000/editorial/content_items/148,numbers,Thumal Quest diaspora expansion batch,VERIFY: confirm compound form/spelling; NO_EMOJI: no clean single glyph for 11 -- needs custom illustration or compound display Provisional: not yet grade-verified against Kumtluang curriculum (2026-09-16).
1272,word.sazuk,sazuk,http://localhost:3000/editorial/content_items/1272,animals,Kumtluang Class I-VII (SCERT Mizoram) — cross-referenced vocabulary extraction,Source: Kumtluang Class IV (SCERT Mizoram). VERIFY: likely refers to a small deer species; route for language review to confirm exact identity vs. 'sihal'.
1301,word.sekhupthur,sekhupthur,http://localhost:3000/editorial/content_items/1301,food,Kumtluang Class I-VII (SCERT Mizoram) — cross-referenced vocabulary extraction,Source: Kumtluang Class V (SCERT Mizoram). VERIFY: Traditional-medicine plant name; exact botanical identity not independently confirmed — verify with a native speaker/ethnobotanist.
1337,word.sena,sêna,http://localhost:3000/editorial/content_items/1337,verbs,Kumtluang Class I-VII (SCERT Mizoram) — cross-referenced vocabulary extraction,Source: Kumtluang Class V (SCERT Mizoram). VERIFY: Meaning inferred from context (kan zirna atan pawisa te an sêna); confirm exact nuance vs. plain 'ngen'.
1065,word.serthlum,serthlum,http://localhost:3000/editorial/content_items/1065,colors,Kumtluang Class I-VII (SCERT Mizoram) — cross-referenced vocabulary extraction,"Source: Kumtluang Class II (SCERT Mizoram). VERIFY: exact shade (golden-yellow) inferred from rainbow-colours lesson list, confirm before use."
1505,word.siahthing,siahthing,http://localhost:3000/editorial/content_items/1505,nature,Kumtluang Class I-VII (SCERT Mizoram) — cross-referenced vocabulary extraction,Source: Kumtluang Class VII (SCERT Mizoram). VERIFY: exact tree species uncertain.
1212,word.siang,siang,http://localhost:3000/editorial/content_items/1212,nature,Kumtluang Class I-VII (SCERT Mizoram) — cross-referenced vocabulary extraction,"Source: Kumtluang Class IV (SCERT Mizoram). VERIFY: an archaic/poetic word glossed in the textbook itself as 'in, chenna' (house, dwelling); modern usage is rare so confidence is moderate."
1266,word.sihal,sihal,http://localhost:3000/editorial/content_items/1266,animals,Kumtluang Class I-VII (SCERT Mizoram) — cross-referenced vocabulary extraction,"Source: Kumtluang Class IV (SCERT Mizoram). VERIFY: likely refers to the barking deer, inferred from its grouping with other deer/wild-game names."
1415,word.sirva-2,sîrva,http://localhost:3000/editorial/content_items/1415,animals,Kumtluang Class I-VII (SCERT Mizoram) — cross-referenced vocabulary extraction,Source: Kumtluang Class VII (SCERT Mizoram). VERIFY: exact bird species uncertain; glossed generically as a small bird. VERIFY possible duplicate: diacritic-variant of existing word 'sirva' already in corpus — confirm same word or distinct before import.
1302,word.sumbul,sumbul,http://localhost:3000/editorial/content_items/1302,food,Kumtluang Class I-VII (SCERT Mizoram) — cross-referenced vocabulary extraction,Source: Kumtluang Class V (SCERT Mizoram). VERIFY: Traditional-medicine plant name; exact botanical identity not independently confirmed — verify with a native speaker/ethnobotanist.
1362,word.sunhlu,Sunhlu,http://localhost:3000/editorial/content_items/1362,food,Kumtluang Class I-VII (SCERT Mizoram) — cross-referenced vocabulary extraction,"Source: Kumtluang Class VI (SCERT Mizoram). VERIFY: reasonably confident this is Indian gooseberry/amla, but exact species not fully confirmed."
1473,word.taihmakna-2,taihmâkna,http://localhost:3000/editorial/content_items/1473,values,Kumtluang Class I-VII (SCERT Mizoram) — cross-referenced vocabulary extraction,Source: Kumtluang Class VII (SCERT Mizoram). VERIFY possible duplicate: diacritic-variant of existing word 'taihmakna' already in corpus — confirm same word or distinct before import.
1008,word.tap,ṭap,http://localhost:3000/editorial/content_items/1008,verbs,Kumtluang Class I-VII (SCERT Mizoram) — cross-referenced vocabulary extraction,"Source: Kumtluang Class I (SCERT Mizoram). VERIFY spelling-variant: also found as class1:word.tap='ṭap'(K1), class3:word.tap='tap'(K3) — confirm distinct words or same word/typo."
1009,word.tap-2,tap,http://localhost:3000/editorial/content_items/1009,verbs,Kumtluang Class I-VII (SCERT Mizoram) — cross-referenced vocabulary extraction,"Source: Kumtluang Class III (SCERT Mizoram). VERIFY spelling-variant: also found as class1:word.tap='ṭap'(K1), class3:word.tap='tap'(K3) — confirm distinct words or same word/typo."
1303,word.tawitaw,tawitaw,http://localhost:3000/editorial/content_items/1303,food,Kumtluang Class I-VII (SCERT Mizoram) — cross-referenced vocabulary extraction,Source: Kumtluang Class V (SCERT Mizoram). VERIFY: Traditional-medicine plant name; exact botanical identity not independently confirmed — verify with a native speaker/ethnobotanist.
508,word.tawktarh,tawktarh,http://localhost:3000/editorial/content_items/508,history,Kumtluang Class I-VII (SCERT Mizoram) — cross-referenced vocabulary extraction,"VERIFY: a traditional historical tool; included as vocabulary, not for hunting instruction. Source: Kumtluang Class III (SCERT Mizoram)."
1674,word.tawlailir,Tawlailir,http://localhost:3000/editorial/content_items/1674,objects,Vartian (Mizo literacy primer) — vocabulary extraction,"Source: Ujaas (Vartian) Part-1, SCERT Mizoram adult literacy primer. VERIFY exact type of ride."
1260,word.tawllawt,tawllâwt,http://localhost:3000/editorial/content_items/1260,animals,Kumtluang Class I-VII (SCERT Mizoram) — cross-referenced vocabulary extraction,Source: Kumtluang Class IV (SCERT Mizoram). VERIFY: species identity uncertain (named in a bird-categorisation exercise).
1563,word.tel,têl,http://localhost:3000/editorial/content_items/1563,tools,Kumtluang Class I-VII (SCERT Mizoram) — cross-referenced vocabulary extraction,"Source: Kumtluang Class VII (SCERT Mizoram). VERIFY spelling-variant: also found as class7:word.tel='têl'(K7), vartian:word.tel='Tel'(TQ0) — confirm distinct words or same word/typo."
1640,word.tel-2,Tel,http://localhost:3000/editorial/content_items/1640,food,Vartian (Mizo literacy primer) — vocabulary extraction,"Source: Ujaas (Vartian) Part-1, SCERT Mizoram adult literacy primer. VERIFY spelling-variant: also found as class7:word.tel='têl'(K7), vartian:word.tel='Tel'(TQ0) — confirm distinct words or same word/typo."
1650,word.tengte,Tengte,http://localhost:3000/editorial/content_items/1650,food,Vartian (Mizo literacy primer) — vocabulary extraction,"Source: Ujaas (Vartian) Part-1, SCERT Mizoram adult literacy primer. VERIFY exact species name."
584,word.thahrui,thahrui,http://localhost:3000/editorial/content_items/584,folktale/legend,Kumtluang Class I-VII (SCERT Mizoram) — cross-referenced vocabulary extraction,Source: Kumtluang Class IV (SCERT Mizoram). VERIFY: gloss inferred from context in a strongman legend; literal meaning may be closer to 'sinew/muscle'.
1086,word.thal,ṭhâl,http://localhost:3000/editorial/content_items/1086,nature,Kumtluang Class I-VII (SCERT Mizoram) — cross-referenced vocabulary extraction,"Source: Kumtluang Class II (SCERT Mizoram). Gloss given directly by the lesson's own glossary-style definition (khaw ro lai tak). VERIFY spelling-variant: also found as class2:word.thal='ṭhâl'(K2), class3:word.thal='thal'(K3) — confirm distinct words or same word/typo."
1087,word.thal-2,thal,http://localhost:3000/editorial/content_items/1087,adjectives,Kumtluang Class I-VII (SCERT Mizoram) — cross-referenced vocabulary extraction,"Source: Kumtluang Class III (SCERT Mizoram). VERIFY: confirm precise gloss from a minimal-pair exercise. VERIFY spelling-variant: also found as class2:word.thal='ṭhâl'(K2), class3:word.thal='thal'(K3) — confirm distinct words or same word/typo."
1131,word.thangrei,thangrei,http://localhost:3000/editorial/content_items/1131,nature,Kumtluang Class I-VII (SCERT Mizoram) — cross-referenced vocabulary extraction,Source: Kumtluang Class III (SCERT Mizoram). VERIFY: specific plant species uncertain.
1213,word.thangthar,ṭhangthar,http://localhost:3000/editorial/content_items/1213,people,Kumtluang Class I-VII (SCERT Mizoram) — cross-referenced vocabulary extraction,"Source: Kumtluang Class IV (SCERT Mizoram). VERIFY spelling-variant: also found as class4:word.thangthar='ṭhangthar'(K4), class7:word.thangthar='thangthar'(K7) — confirm distinct words or same word/typo."
1214,word.thangthar-2,thangthar,http://localhost:3000/editorial/content_items/1214,community,Kumtluang Class I-VII (SCERT Mizoram) — cross-referenced vocabulary extraction,"Source: Kumtluang Class VII (SCERT Mizoram). VERIFY spelling-variant: also found as class4:word.thangthar='ṭhangthar'(K4), class7:word.thangthar='thangthar'(K7) — confirm distinct words or same word/typo."
1277,word.theiherawt,theiherâwt,http://localhost:3000/editorial/content_items/1277,food,Kumtluang Class I-VII (SCERT Mizoram) — cross-referenced vocabulary extraction,"Source: Kumtluang Class IV (SCERT Mizoram). VERIFY: identified as a local fruit whose fruit turns reddish, matched in a fruit-vocabulary exercise; exact common English name not fully confirmed. VERIFY spelling-variant: also found as class4:word.theiherawt='theiherâwt'(K4), class5:word.theiherawt='theiherawt'(K5) — confirm distinct words or same word/typo."
1278,word.theiherawt-2,theiherawt,http://localhost:3000/editorial/content_items/1278,food,Kumtluang Class I-VII (SCERT Mizoram) — cross-referenced vocabulary extraction,"Source: Kumtluang Class V (SCERT Mizoram). VERIFY: Traditional-medicine plant name; exact botanical identity not independently confirmed — verify with a native speaker/ethnobotanist. VERIFY spelling-variant: also found as class4:word.theiherawt='theiherâwt'(K4), class5:word.theiherawt='theiherawt'(K5) — confirm distinct words or same word/typo."
392,word.theite,theitê,http://localhost:3000/editorial/content_items/392,food,Kumtluang Class I-VII (SCERT Mizoram) — cross-referenced vocabulary extraction,VERIFY: the exact fruit species the book means is not fully certain. Source: Kumtluang Class III (SCERT Mizoram).
1133,word.theitehmul,theitehmul,http://localhost:3000/editorial/content_items/1133,food,Kumtluang Class I-VII (SCERT Mizoram) — cross-referenced vocabulary extraction,"Source: Kumtluang Class III (SCERT Mizoram). VERIFY: gloss inferred from word parts (thei=fruit, mul=fuzz); confirm exact meaning."
1069,word.thelh-2,ṭhelh,http://localhost:3000/editorial/content_items/1069,verbs,Kumtluang Class I-VII (SCERT Mizoram) — cross-referenced vocabulary extraction,Source: Kumtluang Class II (SCERT Mizoram). VERIFY possible duplicate: diacritic-variant of existing word 'thelh' already in corpus — confirm same word or distinct before import.
1607,word.thenawm-2,Ṭhenawm,http://localhost:3000/editorial/content_items/1607,people,Vartian (Mizo literacy primer) — vocabulary extraction,"Source: Ujaas (Vartian) Part-1, SCERT Mizoram adult literacy primer. Book captions this as plural 'Ṭhenawmte'; singular root form 'Ṭhenawm' used here as the canonical vocabulary entry. VERIFY possible duplicate: diacritic-variant of existing word 'thenawm' already in corpus — confirm same word or distinct before import."
1177,word.thial,thial,http://localhost:3000/editorial/content_items/1177,adjectives,Kumtluang Class I-VII (SCERT Mizoram) — cross-referenced vocabulary extraction,Source: Kumtluang Class III (SCERT Mizoram). VERIFY: confirm precise gloss (spilled vs messy) from context.
825,word.thingchangvar,thingchang var,http://localhost:3000/editorial/content_items/825,idiom,Kumtluang Class I-VII (SCERT Mizoram) — cross-referenced vocabulary extraction,Source: Kumtluang Class VI (SCERT Mizoram) VERIFY: idiom translated by sense; confirm nuance with fluent speaker.
1363,word.thingfanghmai,Thingfanghmai,http://localhost:3000/editorial/content_items/1363,food,Kumtluang Class I-VII (SCERT Mizoram) — cross-referenced vocabulary extraction,"Source: Kumtluang Class VI (SCERT Mizoram). VERIFY: reasonably confident this is papaya, based on the lesson's illustration and description."
1367,word.thinghar,Thing hâr,http://localhost:3000/editorial/content_items/1367,idiom,Kumtluang Class I-VII (SCERT Mizoram) — cross-referenced vocabulary extraction,Source: Kumtluang Class VI (SCERT Mizoram). VERIFY: idiomatic nuance inferred from the lesson's narrative context; no explicit dictionary definition was given.
177,word.thinur,Thinur,http://localhost:3000/editorial/content_items/177,feelings,Thumal Quest diaspora expansion batch,VERIFY: confirm spelling/register Provisional: not yet grade-verified against Kumtluang curriculum (2026-09-16).
1652,word.thirbel,Thirbel,http://localhost:3000/editorial/content_items/1652,objects,Vartian (Mizo literacy primer) — vocabulary extraction,"Source: Ujaas (Vartian) Part-1, SCERT Mizoram adult literacy primer. VERIFY exact distinction from plain 'bêl'."
282,word.thlal,thlal,http://localhost:3000/editorial/content_items/282,time,Kumtluang Class I-VII (SCERT Mizoram) — cross-referenced vocabulary extraction,VERIFY: spelling of tone marks on 'thlâl' — confirm with a fluent speaker. | Source: Kumtluang Class II (SCERT Mizoram)
1513,word.thlang,thlang,http://localhost:3000/editorial/content_items/1513,nature,Kumtluang Class I-VII (SCERT Mizoram) — cross-referenced vocabulary extraction,Source: Kumtluang Class VII (SCERT Mizoram). VERIFY: 'thlang' more commonly means hillside; here paired with chhak (east) to mean west.
1126,word.thlaphang,thlaphâng,http://localhost:3000/editorial/content_items/1126,nature,Kumtluang Class I-VII (SCERT Mizoram) — cross-referenced vocabulary extraction,Source: Kumtluang Class III (SCERT Mizoram). VERIFY: gloss inferred from lion-and-mouse fable context.
797,word.thlemnathli,thlêmna thli,http://localhost:3000/editorial/content_items/797,abstract/values,Kumtluang Class I-VII (SCERT Mizoram) — cross-referenced vocabulary extraction,Source: Kumtluang Class VI (SCERT Mizoram) VERIFY: figurative/poetic phrase; confirm precise reading with a fluent speaker.
647,word.thlitfimsak,thlit fimsak,http://localhost:3000/editorial/content_items/647,nature,Kumtluang Class I-VII (SCERT Mizoram) — cross-referenced vocabulary extraction,VERIFY: exact nuance inferred from forest-conservation context; gloss may need native-speaker check. Source: Kumtluang Class V (SCERT Mizoram)
1137,word.thuhnuairawlh,thuhnuairawlh,http://localhost:3000/editorial/content_items/1137,adjectives,Kumtluang Class I-VII (SCERT Mizoram) — cross-referenced vocabulary extraction,Source: Kumtluang Class III (SCERT Mizoram). VERIFY: gloss inferred from a paraphrase-style Beatitudes poem; confirm precise meaning.
1155,word.thui-2,ṭhui,http://localhost:3000/editorial/content_items/1155,objects,Kumtluang Class I-VII (SCERT Mizoram) — cross-referenced vocabulary extraction,Source: Kumtluang Class III (SCERT Mizoram). VERIFY: spelling uncertain (may be a variant of the excluded word 'thui'); confirm exact meaning (thread/lace vs a distinct term). VERIFY possible duplicate: diacritic-variant of existing word 'thui' already in corpus — confirm same word or distinct before import.
1330,word.thuttir,thuttir,http://localhost:3000/editorial/content_items/1330,verbs,Kumtluang Class I-VII (SCERT Mizoram) — cross-referenced vocabulary extraction,Source: Kumtluang Class V (SCERT Mizoram). VERIFY: Meaning inferred from context (mikhual pa chuan naupanghote chu a thuttir a); confirm exact nuance vs. 'en fiah'.
1108,word.tiang,tiang,http://localhost:3000/editorial/content_items/1108,objects,Kumtluang Class I-VII (SCERT Mizoram) — cross-referenced vocabulary extraction,"Source: Kumtluang Class II (SCERT Mizoram). VERIFY: gloss (a rod/staff) inferred from a Psalm-23-style poem context, confirm before use."
1217,word.tiauvut,ṭiauvut,http://localhost:3000/editorial/content_items/1217,nature,Kumtluang Class I-VII (SCERT Mizoram) — cross-referenced vocabulary extraction,Source: Kumtluang Class IV (SCERT Mizoram). VERIFY: this word's precise sense is not glossed in the textbook; inferred from flood-poem context (debris/miscellaneous things carried by floodwater).
654,word.tichereu,tichereu,http://localhost:3000/editorial/content_items/654,verbs,Kumtluang Class I-VII (SCERT Mizoram) — cross-referenced vocabulary extraction,"VERIFY: contextual meaning inferred, not explicitly glossed in book. Source: Kumtluang Class V (SCERT Mizoram)"
1023,word.tin,tin,http://localhost:3000/editorial/content_items/1023,body parts,Kumtluang Class I-VII (SCERT Mizoram) — cross-referenced vocabulary extraction,"Source: Kumtluang Class I (SCERT Mizoram). VERIFY spelling-variant: also found as class1:word.tin='tin'(K1), vartian:word.tin='Ṭin'(TQ0) — confirm distinct words or same word/typo."
1677,word.tin-2,Ṭin,http://localhost:3000/editorial/content_items/1677,objects,Vartian (Mizo literacy primer) — vocabulary extraction,"Source: Ujaas (Vartian) Part-1, SCERT Mizoram adult literacy primer. VERIFY exact usage (generic can vs. specific milk-tin). VERIFY spelling-variant: also found as class1:word.tin='tin'(K1), vartian:word.tin='Ṭin'(TQ0) — confirm distinct words or same word/typo."
1064,word.ting,ting,http://localhost:3000/editorial/content_items/1064,colors,Kumtluang Class I-VII (SCERT Mizoram) — cross-referenced vocabulary extraction,"Source: Kumtluang Class II (SCERT Mizoram). VERIFY: exact shade (indigo/blue) inferred from rainbow-colours lesson list, confirm before use."
1200,word.tlai-2,tlai,http://localhost:3000/editorial/content_items/1200,adjectives,Kumtluang Class I-VII (SCERT Mizoram) — cross-referenced vocabulary extraction,Source: Kumtluang Class IV (SCERT Mizoram). VERIFY possible duplicate: diacritic-variant of existing word 'Tlâi' already in corpus — confirm same word or distinct before import.
1338,word.tlakbuak,tlakbuak,http://localhost:3000/editorial/content_items/1338,verbs,Kumtluang Class I-VII (SCERT Mizoram) — cross-referenced vocabulary extraction,Source: Kumtluang Class V (SCERT Mizoram). VERIFY: Meaning inferred from context (harsain a tlakbuak chang pawha); confirm exact register/usage.
1304,word.tlangsam,tlangsam,http://localhost:3000/editorial/content_items/1304,food,Kumtluang Class I-VII (SCERT Mizoram) — cross-referenced vocabulary extraction,Source: Kumtluang Class V (SCERT Mizoram). VERIFY: Traditional-medicine plant name; exact botanical identity not independently confirmed — verify with a native speaker/ethnobotanist.
1527,word.tluklohrimnam,tluk loh rim nam,http://localhost:3000/editorial/content_items/1527,idiom,Kumtluang Class I-VII (SCERT Mizoram) — cross-referenced vocabulary extraction,Source: Kumtluang Class VII (SCERT Mizoram). VERIFY: nuance inferred from limited context.
1027,word.to,ṭo,http://localhost:3000/editorial/content_items/1027,nature,Kumtluang Class I-VII (SCERT Mizoram) — cross-referenced vocabulary extraction,Source: Kumtluang Class I (SCERT Mizoram). VERIFY: gloss inferred from limited narrative context (Little Red Hen story).
186,word.tu,Tu,http://localhost:3000/editorial/content_items/186,family,Thumal Quest diaspora expansion batch,"VERIFY: single syllable, homonym-heavy; confirm sense disambiguation; Rough placeholder -- consider custom illustration Provisional: not yet grade-verified against Kumtluang curriculum (2026-09-16)."
1122,word.tuihal,tuihâl,http://localhost:3000/editorial/content_items/1122,adjectives,Kumtluang Class I-VII (SCERT Mizoram) — cross-referenced vocabulary extraction,"Source: Kumtluang Class II (SCERT Mizoram). VERIFY: gloss (thirsty) inferred from a proverb-style matching exercise, confirm before use."
1083,word.tuihawk,tuihâwk,http://localhost:3000/editorial/content_items/1083,nature,Kumtluang Class I-VII (SCERT Mizoram) — cross-referenced vocabulary extraction,"Source: Kumtluang Class II (SCERT Mizoram). VERIFY: gloss (flood / strong river current) inferred from a heavy-rain story context, confirm before use."
1229,word.tuihnai-2,tuihnâi,http://localhost:3000/editorial/content_items/1229,verbs,Kumtluang Class I-VII (SCERT Mizoram) — cross-referenced vocabulary extraction,Source: Kumtluang Class IV (SCERT Mizoram). VERIFY: inferred from a rat's ravenous eating in a fable's word-box; precise shade of meaning not glossed in the text. VERIFY possible duplicate: diacritic-variant of existing word 'tuihnai' already in corpus — confirm same word or distinct before import.
1653,word.tuium,Tui um,http://localhost:3000/editorial/content_items/1653,objects,Vartian (Mizo literacy primer) — vocabulary extraction,"Source: Ujaas (Vartian) Part-1, SCERT Mizoram adult literacy primer. VERIFY compound spelling/usage."
181,word.u,U,http://localhost:3000/editorial/content_items/181,family,Thumal Quest diaspora expansion batch,"VERIFY: single-letter form; confirm searchable/orthography handling; NO_EMOJI: sibling terms need custom illustration, not a generic person glyph; picture_match dropped: a picture cannot visually distinguish a kinship-relation word from a generic person/couple -- keep to spelling/word_search/listen_pick tq_level remapped 2026-09-16: was TQ1 -> TQ2 per Kumtluang curriculum cross-reference."
1648,word.uchang,Uchang,http://localhost:3000/editorial/content_items/1648,food,Vartian (Mizo literacy primer) — vocabulary extraction,"Source: Ujaas (Vartian) Part-1, SCERT Mizoram adult literacy primer. VERIFY: exact species/translation unconfirmed; drawn from an isolated phonics word list without image."
1118,word.umpha,ûmpha,http://localhost:3000/editorial/content_items/1118,adverbs,Kumtluang Class I-VII (SCERT Mizoram) — cross-referenced vocabulary extraction,"Source: Kumtluang Class II (SCERT Mizoram). VERIFY: gloss (severely/very badly) inferred from a burn-injury story context, confirm before use."
1139,word.urh,urh,http://localhost:3000/editorial/content_items/1139,adjectives,Kumtluang Class I-VII (SCERT Mizoram) — cross-referenced vocabulary extraction,Source: Kumtluang Class III (SCERT Mizoram). VERIFY: confirm precise meaning (warmth vs a related sense) from context.
655,word.vani-an,vani-an,http://localhost:3000/editorial/content_items/655,legend,Kumtluang Class I-VII (SCERT Mizoram) — cross-referenced vocabulary extraction,VERIFY: term as used in this specific folktale context. Source: Kumtluang Class V (SCERT Mizoram)
1271,word.vapual,vapual,http://localhost:3000/editorial/content_items/1271,animals,Kumtluang Class I-VII (SCERT Mizoram) — cross-referenced vocabulary extraction,Source: Kumtluang Class IV (SCERT Mizoram). VERIFY: species identity uncertain (named in a bird-categorisation exercise).
1093,word.var-2,vâr,http://localhost:3000/editorial/content_items/1093,verbs,Kumtluang Class I-VII (SCERT Mizoram) — cross-referenced vocabulary extraction,Source: Kumtluang Class II (SCERT Mizoram). VERIFY possible duplicate: diacritic-variant of existing word 'Var' already in corpus — confirm same word or distinct before import.
1261,word.varihaw,varihâw,http://localhost:3000/editorial/content_items/1261,animals,Kumtluang Class I-VII (SCERT Mizoram) — cross-referenced vocabulary extraction,"Source: Kumtluang Class IV (SCERT Mizoram). VERIFY: species identity uncertain; possibly refers to a hornbill, inferred from the 'va-' bird prefix and 'lian' size context."
1096,word.veilam-2,veilam,http://localhost:3000/editorial/content_items/1096,body,Kumtluang Class I-VII (SCERT Mizoram) — cross-referenced vocabulary extraction,"Source: Kumtluang Class II (SCERT Mizoram). VERIFY: exact meaning uncertain — could mean ""wrist"" or more generally ""the side/alongside""; confirm before use."
1103,word.vengtu,vêngtu,http://localhost:3000/editorial/content_items/1103,people,Kumtluang Class I-VII (SCERT Mizoram) — cross-referenced vocabulary extraction,"Source: Kumtluang Class II (SCERT Mizoram). VERIFY spelling-variant: also found as class2:word.vengtu='vêngtu'(K2), class7:word.vengtu='vengtu'(K7) — confirm distinct words or same word/typo."
1104,word.vengtu-2,vengtu,http://localhost:3000/editorial/content_items/1104,community,Kumtluang Class I-VII (SCERT Mizoram) — cross-referenced vocabulary extraction,"Source: Kumtluang Class VII (SCERT Mizoram). VERIFY spelling-variant: also found as class2:word.vengtu='vêngtu'(K2), class7:word.vengtu='vengtu'(K7) — confirm distinct words or same word/typo."
1028,word.vui,vûi,http://localhost:3000/editorial/content_items/1028,nature,Kumtluang Class I-VII (SCERT Mizoram) — cross-referenced vocabulary extraction,Source: Kumtluang Class I (SCERT Mizoram). VERIFY: gloss inferred from limited narrative context (Little Red Hen story).
204,word.vur,Vur,http://localhost:3000/editorial/content_items/204,nature,Thumal Quest diaspora expansion batch,VERIFY: confirm spelling Provisional: not yet grade-verified against Kumtluang curriculum (2026-09-16).
150,word.za,Za,http://localhost:3000/editorial/content_items/150,numbers,Thumal Quest diaspora expansion batch,VERIFY: confirm standalone usage vs compound Provisional: not yet grade-verified against Kumtluang curriculum (2026-09-16).
1245,word.zangruh,zângruh,http://localhost:3000/editorial/content_items/1245,adjectives,Kumtluang Class I-VII (SCERT Mizoram) — cross-referenced vocabulary extraction,Source: Kumtluang Class IV (SCERT Mizoram). VERIFY: gloss inferred from fable context (a predator spotting an opponent's exposed weak spot); not a common everyday word.
1057,word.zar-2,zâr,http://localhost:3000/editorial/content_items/1057,verbs,Kumtluang Class I-VII (SCERT Mizoram) — cross-referenced vocabulary extraction,"Source: Kumtluang Class II (SCERT Mizoram). VERIFY: exact nuance (swarm out / spread densely) inferred from ant-swarm context, confirm before use. VERIFY possible duplicate: diacritic-variant of existing word 'zar' already in corpus — confirm same word or distinct before import."
1265,word.zawhte-2,zawhtê,http://localhost:3000/editorial/content_items/1265,animals,Kumtluang Class I-VII (SCERT Mizoram) — cross-referenced vocabulary extraction,Source: Kumtluang Class IV (SCERT Mizoram). VERIFY: exact animal identity not confirmed; named in an exercise about animal calls/sounds. VERIFY possible duplicate: diacritic-variant of existing word 'Zawhte' already in corpus — confirm same word or distinct before import.
1668,word.zawngte-2,Zâwngte,http://localhost:3000/editorial/content_items/1668,animals,Vartian (Mizo literacy primer) — vocabulary extraction,"Source: Ujaas (Vartian) Part-1, SCERT Mizoram adult literacy primer. VERIFY: distinguish from the verb 'zawng' (to search); confirm this is the standard noun for monkey. VERIFY possible duplicate: diacritic-variant of existing word 'zawngte' already in corpus — confirm same word or distinct before import."
1681,word.zawrhna,Zawrhna,http://localhost:3000/editorial/content_items/1681,places,Vartian (Mizo literacy primer) — vocabulary extraction,"Source: Ujaas (Vartian) Part-1, SCERT Mizoram adult literacy primer. VERIFY: this is a productive suffix root seen in the compound 'Thei zawrhna' (fruit stall) rather than a standalone labelled word; confirm standalone usage."
1178,word.zelthel,zelthel,http://localhost:3000/editorial/content_items/1178,verbs,Kumtluang Class I-VII (SCERT Mizoram) — cross-referenced vocabulary extraction,Source: Kumtluang Class III (SCERT Mizoram). VERIFY: confirm precise gloss (to avoid vs to skip/shirk).
1658,word.zikhlum,Zikhlum,http://localhost:3000/editorial/content_items/1658,food,Vartian (Mizo literacy primer) — vocabulary extraction,"Source: Ujaas (Vartian) Part-1, SCERT Mizoram adult literacy primer. VERIFY strongly: drawn from an isolated phonics list without image or further context."
1005,word.zuk,zuk,http://localhost:3000/editorial/content_items/1005,verbs,Kumtluang Class I-VII (SCERT Mizoram) — cross-referenced vocabulary extraction,Source: Kumtluang Class I (SCERT Mizoram). VERIFY: exact nuance of this adverb is uncertain from limited context; gloss is a best estimate.
