candidate_id,thufing_mizo,meaning_en,context_mizo,source_title,source_locator,status,language_review,cultural_review,notes
thufing.001,"A ṭha lam kawng a chho va, a chhe lam kawng a phei.","The right path climbs steeply upward, the wrong path lies flat and easy.","Thil ṭha nei tur chuan tuar a ngai; thil sual chu awlsam takin theih thei.",Wikiquote: Mizo proverbs,https://en.wikiquote.org/wiki/Mizo_proverbs,draft,pending,pending,"AI-compiled from web source on 2026-09-16; native-speaker/cultural reviewer verification required before use, per CONTENT_EDITORIAL_GUIDE.md principle 6 (no invented authority)."
thufing.002,"Kawi pawh a kawm a ṭhat chuan a rah pawh a ṭha, a kawm a chhiat chuan a rah pawh a chhia.","If the shell of the kawi nut is good, the nut inside is also good; if the shell is bad, the nut is also bad.","Thing a kung a ṭha chuan a rah a ṭha bawk — English proverb ''as the tree, so the fruit'' ang.",Wikiquote: Mizo proverbs,https://en.wikiquote.org/wiki/Mizo_proverbs,draft,pending,pending,"AI-compiled from web source on 2026-09-16; needs cultural reviewer sign-off before publish."
thufing.003,"Lungpui pawh lungtêin a kamki loh chuan a awm thei lo.","Without small pebbles to support it, even a great rock cannot stand firm.","Lungpui te pawh lungtê tein an kaihhruai a; mi lian te pawh mi tê an ṭanpui ngai.",Wikiquote: Mizo proverbs,https://en.wikiquote.org/wiki/Mizo_proverbs,draft,pending,pending,"AI-compiled from web source on 2026-09-16; needs cultural reviewer sign-off before publish."
thufing.004,Mihring hmelma lian ber chu mahni.,A person's greatest enemy is themself.,Mihring hmelma lian ber chu ama ngei a ni.,Wikiquote: Mizo proverbs,https://en.wikiquote.org/wiki/Mizo_proverbs,draft,pending,pending,"AI-compiled from web source on 2026-09-16; needs cultural reviewer sign-off before publish."
thufing.005,Se bo hnua se kawng khâr ang.,Closing the pen gate after the bull has escaped (i.e. acting too late).,Se a bo hnu a kawng khâr chu a hlawhtling lo; English equivalent ''prevention is better than cure''.,Wikiquote: Mizo proverbs,https://en.wikiquote.org/wiki/Mizo_proverbs,draft,pending,pending,"AI-compiled from web source on 2026-09-16; needs cultural reviewer sign-off before publish."
thufing.006,Vawiina tih tûr naktûka tihah khêk suh.,Do not put off until tomorrow what you can do today.,Vawiina tih theih chu naktûk atan dah suh.,Wikiquote: Mizo proverbs,https://en.wikiquote.org/wiki/Mizo_proverbs,draft,pending,pending,"AI-compiled from web source on 2026-09-16; needs cultural reviewer sign-off before publish."
thufing.007,"Nun chhiat leh suak sual a sim theih, hmel chhiat a siam that theih loh.","Bad habits and faults can be corrected, but an ugly face cannot be made good.",Nungchang chhiat chu siam that theih mahse hmel chhiat chu siam that a har.,Mizo Proverbs and Sayings blog,https://sihkhaweng.blogspot.com/2017/04/mizo-proverbs-and-sayings-mizo-tawng.html,draft,pending,pending,"AI-compiled from web source on 2026-09-16; blog source only, needs stronger corroboration plus cultural reviewer sign-off before publish."
thufing.008,Themthiam lovin an hriam an mawhchhiat.,A bad workman blames his tools.,Hna thiam lo chuan a hmanraw a puh ṭhin.,Mizo Proverbs and Sayings blog,https://sihkhaweng.blogspot.com/2017/04/mizo-proverbs-and-sayings-mizo-tawng.html,draft,pending,pending,"AI-compiled from web source on 2026-09-16; blog source only, needs stronger corroboration plus cultural reviewer sign-off before publish."
thufing.009,Zawng tuar aiin ngauvin a tuar.,The innocent suffer in place of the guilty.,A dik lo thiltih avangin mi dik ni lovin a tuar ṭhin.,Mizo Proverbs and Sayings blog,https://sihkhaweng.blogspot.com/2017/04/mizo-proverbs-and-sayings-mizo-tawng.html,draft,pending,pending,"AI-compiled from web source on 2026-09-16; blog source only, needs stronger corroboration plus cultural reviewer sign-off before publish."
thufing.010,"Thing pawh a kung a that leh a rah a tha, a kung a that loh leh, a rah a tha lo vang.","If the tree is good its fruit is good; if the tree is bad its fruit is bad.",Kawi/thing thufing #thufing.002 nena thuhman inang; dawtdan danglam.,Mizo Proverbs and Sayings blog,https://sihkhaweng.blogspot.com/2017/04/mizo-proverbs-and-sayings-mizo-tawng.html,draft,pending,pending,"AI-compiled from web source on 2026-09-16; blog source only, near-duplicate of thufing.002, keep both for reviewer to reconcile wording."
